20778,1,2,21148,0
20778,1,2,20778,490
20778,1,2,1,700
1,2,3,1,0
20778,2,3,22628,0
20778,2,3,22258,560
20778,2,3,21888,840
20778,2,3,21518,1120
20778,2,3,21148,1330
21148,2,3,21889,0
21148,2,3,21519,350
21148,2,3,21149,630
21148,2,3,1,840
1,3,4,1,0
21518,3,4,22260,0
21518,3,4,21890,490
21518,3,4,21520,770
21518,3,4,1,980
22258,3,4,23372,0
22258,3,4,23002,490
22258,3,4,22632,700
22258,3,4,22262,980
22258,3,4,1,1260
21519,3,4,22260,0
21519,3,4,21890,420
21519,3,4,21520,630
21519,3,4,1,910
21889,3,4,22631,0
21889,3,4,22261,490
21889,3,4,21891,770
21889,3,4,1,980
21888,3,4,22631,0
21888,3,4,22261,420
21888,3,4,21891,700
21888,3,4,1,980
21149,3,4,22999,0
21149,3,4,22629,560
21149,3,4,22259,840
21149,3,4,21889,1050
21149,3,4,21519,1330
22628,3,4,23373,0
22628,3,4,23003,490
22628,3,4,22633,700
22628,3,4,1,980
21148,3,4,21889,0
21148,3,4,21519,420
21148,3,4,21149,630
21148,3,4,1,910
1,4,5,1,0
21890,4,5,22631,0
21890,4,5,22261,420
21890,4,5,21891,630
21890,4,5,1,910
22633,4,5,24483,0
22633,4,5,24113,560
22633,4,5,23743,770
22633,4,5,23373,1050
22633,4,5,23003,1260
22261,4,5,23002,0
22261,4,5,22632,420
22261,4,5,22262,630
22261,4,5,1,910
21149,4,5,22999,0
21149,4,5,22629,560
21149,4,5,22259,840
21149,4,5,21889,1050
21149,4,5,21519,1330
23373,4,5,24115,0
23373,4,5,23745,490
23373,4,5,23375,770
23373,4,5,1,980
21520,4,5,23370,0
21520,4,5,23000,560
21520,4,5,22630,840
21520,4,5,22260,1050
21520,4,5,21890,1330
21889,4,5,22631,0
21889,4,5,22261,490
21889,4,5,21891,770
21889,4,5,1,1050
22260,4,5,23002,0
22260,4,5,22632,490
22260,4,5,22262,770
22260,4,5,1,980
22629,4,5,23743,0
22629,4,5,23373,490
22629,4,5,23003,770
22629,4,5,22633,980
22629,4,5,1,1260
22632,4,5,23373,0
22632,4,5,23003,350
22632,4,5,22633,630
22632,4,5,1,910
23003,4,5,23744,0
23003,4,5,23374,350
23003,4,5,23004,630
23003,4,5,1,910
23372,4,5,24485,0
23372,4,5,24115,350
23372,4,5,23745,630
23372,4,5,23375,840
23372,4,5,1,1120
21891,4,5,23741,0
21891,4,5,23371,560
21891,4,5,23001,770
21891,4,5,22631,1050
21891,4,5,22261,1260
21519,4,5,22260,0
21519,4,5,21890,420
21519,4,5,21520,700
21519,4,5,1,910
22262,4,5,24112,0
22262,4,5,23742,560
22262,4,5,23372,770
22262,4,5,23002,1050
22262,4,5,22632,1330
22631,4,5,23373,0
22631,4,5,23003,490
22631,4,5,22633,770
22631,4,5,1,980
22259,4,5,23372,0
22259,4,5,23002,420
22259,4,5,22632,630
22259,4,5,22262,910
22259,4,5,1,1120
22999,4,5,23744,0
22999,4,5,23374,490
22999,4,5,23004,770
22999,4,5,1,980
23002,4,5,23744,0
23002,4,5,23374,490
23002,4,5,23004,770
23002,4,5,1,980
1,5,6,1,0
22630,5,6,23743,0
22630,5,6,23373,350
22630,5,6,23003,630
22630,5,6,22633,910
22630,5,6,1,1120
21890,5,6,22631,0
21890,5,6,22261,420
21890,5,6,21891,630
21890,5,6,1,910
22633,5,6,24483,0
22633,5,6,24113,560
22633,5,6,23743,770
22633,5,6,23373,1050
22633,5,6,23003,1260
22261,5,6,23002,0
22261,5,6,22632,420
22261,5,6,22262,630
22261,5,6,1,910
24485,5,6,25598,0
24485,5,6,25228,420
24485,5,6,24858,630
24485,5,6,24488,910
24485,5,6,1,1120
24113,5,6,25227,0
24113,5,6,24857,490
24113,5,6,24487,770
24113,5,6,24117,980
24113,5,6,1,1260
23373,5,6,24115,0
23373,5,6,23745,490
23373,5,6,23375,770
23373,5,6,1,980
23001,5,6,24114,0
23001,5,6,23744,350
23001,5,6,23374,630
23001,5,6,23004,840
23001,5,6,1,1120
23370,5,6,24115,0
23370,5,6,23745,420
23370,5,6,23375,700
23370,5,6,1,980
23004,5,6,24854,0
23004,5,6,24484,490
23004,5,6,24114,770
23004,5,6,23744,1050
23004,5,6,23374,1260
23741,5,6,24486,0
23741,5,6,24116,490
23741,5,6,23746,770
23741,5,6,1,980
23744,5,6,24486,0
23744,5,6,24116,560
23744,5,6,23746,770
23744,5,6,1,1050
21520,5,6,23370,0
21520,5,6,23000,560
21520,5,6,22630,840
21520,5,6,22260,1050
21520,5,6,21890,1330
21889,5,6,22631,0
21889,5,6,22261,490
21889,5,6,21891,770
21889,5,6,1,1050
22260,5,6,23002,0
22260,5,6,22632,490
22260,5,6,22262,770
22260,5,6,1,980
22629,5,6,23743,0
22629,5,6,23373,490
22629,5,6,23003,770
22629,5,6,22633,980
22629,5,6,1,1260
22632,5,6,23373,0
22632,5,6,23003,350
22632,5,6,22633,630
22632,5,6,1,910
24112,5,6,24857,0
24112,5,6,24487,490
24112,5,6,24117,700
24112,5,6,1,980
24115,5,6,24857,0
24115,5,6,24487,560
24115,5,6,24117,770
24115,5,6,1,1050
23000,5,6,24114,0
23000,5,6,23744,490
23000,5,6,23374,770
23000,5,6,23004,980
23000,5,6,1,1260
23375,5,6,25225,0
23375,5,6,24855,490
23375,5,6,24485,770
23375,5,6,24115,1050
23375,5,6,23745,1260
23003,5,6,23744,0
23003,5,6,23374,350
23003,5,6,23004,630
23003,5,6,1,910
23372,5,6,24485,0
23372,5,6,24115,350
23372,5,6,23745,630
23372,5,6,23375,840
23372,5,6,1,1120
23743,5,6,24856,0
23743,5,6,24486,420
23743,5,6,24116,630
23743,5,6,23746,910
23743,5,6,1,1190
21891,5,6,23741,0
21891,5,6,23371,560
21891,5,6,23001,770
21891,5,6,22631,1050
21891,5,6,22261,1260
21519,5,6,22260,0
21519,5,6,21890,420
21519,5,6,21520,700
21519,5,6,1,910
22262,5,6,24112,0
22262,5,6,23742,560
22262,5,6,23372,770
22262,5,6,23002,1050
22262,5,6,22632,1330
22631,5,6,23373,0
22631,5,6,23003,490
22631,5,6,22633,770
22631,5,6,1,980
22259,5,6,23372,0
22259,5,6,23002,420
22259,5,6,22632,630
22259,5,6,22262,910
22259,5,6,1,1120
24483,5,6,25228,0
24483,5,6,24858,490
24483,5,6,24488,700
24483,5,6,1,980
23371,5,6,24485,0
23371,5,6,24115,490
23371,5,6,23745,700
23371,5,6,23375,980
23371,5,6,1,1190
22999,5,6,23744,0
22999,5,6,23374,490
22999,5,6,23004,770
22999,5,6,1,980
23742,5,6,24856,0
23742,5,6,24486,490
23742,5,6,24116,770
23742,5,6,23746,980
23742,5,6,1,1260
23374,5,6,24115,0
23374,5,6,23745,350
23374,5,6,23375,630
23374,5,6,1,910
23002,5,6,23744,0
23002,5,6,23374,490
23002,5,6,23004,770
23002,5,6,1,980
23745,5,6,24486,0
23745,5,6,24116,420
23745,5,6,23746,700
23745,5,6,1,910
1,6,7,1,0
24857,6,7,25599,0
24857,6,7,25229,560
24857,6,7,24859,840
24857,6,7,1,1050
24854,6,7,25599,0
24854,6,7,25229,490
24854,6,7,24859,770
24854,6,7,1,1050
22630,6,7,23743,0
22630,6,7,23373,420
22630,6,7,23003,700
22630,6,7,22633,910
22630,6,7,1,1190
21890,6,7,22631,0
21890,6,7,22261,420
21890,6,7,21891,700
21890,6,7,1,910
22633,6,7,24483,0
22633,6,7,24113,560
22633,6,7,23743,840
22633,6,7,23373,1050
22633,6,7,23003,1330
22261,6,7,23002,0
22261,6,7,22632,420
22261,6,7,22262,700
22261,6,7,1,910
24485,6,7,25598,0
24485,6,7,25228,420
24485,6,7,24858,700
24485,6,7,24488,980
24485,6,7,1,1190
24113,6,7,25227,0
24113,6,7,24857,560
24113,6,7,24487,770
24113,6,7,24117,1050
24113,6,7,1,1330
24488,6,7,26338,0
24488,6,7,25968,560
24488,6,7,25598,770
24488,6,7,25228,1050
24488,6,7,24858,1330
24116,6,7,24857,0
24116,6,7,24487,490
24116,6,7,24117,700
24116,6,7,1,980
25225,6,7,25970,0
25225,6,7,25600,490
25225,6,7,25230,770
25225,6,7,1,980
25228,6,7,25970,0
25228,6,7,25600,490
25228,6,7,25230,700
25228,6,7,1,980
23373,6,7,24115,0
23373,6,7,23745,560
23373,6,7,23375,770
23373,6,7,1,1050
23001,6,7,24114,0
23001,6,7,23744,420
23001,6,7,23374,700
23001,6,7,23004,910
23001,6,7,1,1190
23370,6,7,24115,0
23370,6,7,23745,490
23370,6,7,23375,770
23370,6,7,1,980
23004,6,7,24854,0
23004,6,7,24484,560
23004,6,7,24114,770
23004,6,7,23744,1050
23004,6,7,23374,1330
23741,6,7,24486,0
23741,6,7,24116,560
23741,6,7,23746,770
23741,6,7,1,1050
23744,6,7,24486,0
23744,6,7,24116,560
23744,6,7,23746,840
23744,6,7,1,1050
21520,6,7,23740,0
21520,6,7,23370,350
21520,6,7,23000,630
21520,6,7,22630,840
21520,6,7,22260,1120
21520,6,7,21890,1330
24856,6,7,25969,0
24856,6,7,25599,420
24856,6,7,25229,700
24856,6,7,24859,910
24856,6,7,1,1190
22260,6,7,23002,0
22260,6,7,22632,560
22260,6,7,22262,770
22260,6,7,1,1050
22632,6,7,23373,0
22632,6,7,23003,420
22632,6,7,22633,700
22632,6,7,1,910
24112,6,7,24857,0
24112,6,7,24487,560
24112,6,7,24117,770
24112,6,7,1,1050
24115,6,7,24857,0
24115,6,7,24487,560
24115,6,7,24117,840
24115,6,7,1,1050
24484,6,7,25598,0
24484,6,7,25228,560
24484,6,7,24858,770
24484,6,7,24488,1050
24484,6,7,1,1330
25227,6,7,26340,0
25227,6,7,25970,350
25227,6,7,25600,630
25227,6,7,25230,840
25227,6,7,1,1120
24487,6,7,25228,0
24487,6,7,24858,490
24487,6,7,24488,700
24487,6,7,1,980
23000,6,7,24114,0
23000,6,7,23744,560
23000,6,7,23374,770
23000,6,7,23004,1050
23000,6,7,1,1260
23375,6,7,25225,0
23375,6,7,24855,560
23375,6,7,24485,770
23375,6,7,24115,1050
23375,6,7,23745,1330
23003,6,7,23744,0
23003,6,7,23374,420
23003,6,7,23004,700
23003,6,7,1,910
23372,6,7,24485,0
23372,6,7,24115,420
23372,6,7,23745,700
23372,6,7,23375,910
23372,6,7,1,1190
23743,6,7,24856,0
23743,6,7,24486,490
23743,6,7,24116,700
23743,6,7,23746,980
23743,6,7,1,1190
23746,6,7,25596,0
23746,6,7,25226,560
23746,6,7,24856,770
23746,6,7,24486,1050
23746,6,7,24116,1330
24855,6,7,25969,0
24855,6,7,25599,560
24855,6,7,25229,770
24855,6,7,24859,1050
24855,6,7,1,1260
21891,6,7,23741,0
21891,6,7,23371,560
21891,6,7,23001,840
21891,6,7,22631,1050
21891,6,7,22261,1330
24858,6,7,25599,0
24858,6,7,25229,420
24858,6,7,24859,700
24858,6,7,1,980
22262,6,7,24112,0
22262,6,7,23742,560
22262,6,7,23372,840
22262,6,7,23002,1050
22262,6,7,22632,1330
22631,6,7,23373,0
22631,6,7,23003,560
22631,6,7,22633,770
22631,6,7,1,1050
25598,6,7,26711,0
25598,6,7,26341,350
25598,6,7,25971,630
25598,6,7,25601,840
25598,6,7,1,1120
24483,6,7,25228,0
24483,6,7,24858,560
24483,6,7,24488,770
24483,6,7,1,1050
24117,6,7,25967,0
24117,6,7,25597,560
24117,6,7,25227,770
24117,6,7,24857,1050
24117,6,7,24487,1260
24486,6,7,25228,0
24486,6,7,24858,560
24486,6,7,24488,840
24486,6,7,1,1050
24114,6,7,25227,0
24114,6,7,24857,490
24114,6,7,24487,700
24114,6,7,24117,980
24114,6,7,1,1190
23371,6,7,24485,0
23371,6,7,24115,490
23371,6,7,23745,770
23371,6,7,23375,980
23371,6,7,1,1260
23742,6,7,24856,0
23742,6,7,24486,560
23742,6,7,24116,770
23742,6,7,23746,1050
23742,6,7,1,1330
23374,6,7,24115,0
23374,6,7,23745,420
23374,6,7,23375,700
23374,6,7,1,910
23002,6,7,23744,0
23002,6,7,23374,560
23002,6,7,23004,770
23002,6,7,1,1050
23745,6,7,24486,0
23745,6,7,24116,490
23745,6,7,23746,700
23745,6,7,1,980
1,7,8,1,0
24857,7,8,25599,0
24857,7,8,25229,630
24857,7,8,24859,840
24857,7,8,1,1120
24854,7,8,25599,0
24854,7,8,25229,560
24854,7,8,24859,840
24854,7,8,1,1050
22630,7,8,23743,0
22630,7,8,23373,420
22630,7,8,23003,700
22630,7,8,22633,980
22630,7,8,1,1190
25597,7,8,26711,0
25597,7,8,26341,560
25597,7,8,25971,770
25597,7,8,25601,1050
25597,7,8,1,1260
21890,7,8,22631,0
21890,7,8,22261,490
21890,7,8,21891,700
21890,7,8,1,980
22633,7,8,24853,0
22633,7,8,24483,350
22633,7,8,24113,630
22633,7,8,23743,840
22633,7,8,23373,1120
22633,7,8,23003,1330
22261,7,8,23002,0
22261,7,8,22632,420
22261,7,8,22262,700
22261,7,8,1,980
25600,7,8,26341,0
25600,7,8,25971,420
25600,7,8,25601,700
25600,7,8,1,910
25969,7,8,27082,0
25969,7,8,26712,420
25969,7,8,26342,700
25969,7,8,25972,910
25969,7,8,1,1190
24485,7,8,25598,0
24485,7,8,25228,490
24485,7,8,24858,700
24485,7,8,24488,980
24485,7,8,1,1260
24113,7,8,25227,0
24113,7,8,24857,560
24113,7,8,24487,840
24113,7,8,24117,1050
24113,7,8,1,1330
24488,7,8,26708,0
24488,7,8,26338,350
24488,7,8,25968,560
24488,7,8,25598,840
24488,7,8,25228,1120
24488,7,8,24858,1330
24116,7,8,24857,0
24116,7,8,24487,490
24116,7,8,24117,770
24116,7,8,1,980
25225,7,8,25970,0
25225,7,8,25600,560
25225,7,8,25230,770
25225,7,8,1,1050
25228,7,8,25970,0
25228,7,8,25600,560
25228,7,8,25230,770
25228,7,8,1,1050
23373,7,8,24115,0
23373,7,8,23745,560
23373,7,8,23375,840
23373,7,8,1,1050
26340,7,8,27453,0
26340,7,8,27083,420
26340,7,8,26713,700
26340,7,8,26343,910
26340,7,8,1,1190
23001,7,8,24114,0
23001,7,8,23744,420
23001,7,8,23374,700
23001,7,8,23004,910
23001,7,8,1,1190
23370,7,8,24115,0
23370,7,8,23745,560
23370,7,8,23375,770
23370,7,8,1,1050
23004,7,8,25224,0
23004,7,8,24854,350
23004,7,8,24484,560
23004,7,8,24114,840
23004,7,8,23744,1120
23004,7,8,23374,1330
23741,7,8,24486,0
23741,7,8,24116,560
23741,7,8,23746,840
23741,7,8,1,1050
23744,7,8,24486,0
23744,7,8,24116,630
23744,7,8,23746,840
23744,7,8,1,1120
26711,7,8,27824,0
26711,7,8,27454,420
26711,7,8,27084,630
26711,7,8,26714,910
26711,7,8,1,1190
24856,7,8,25969,0
24856,7,8,25599,490
24856,7,8,25229,770
24856,7,8,24859,980
24856,7,8,1,1260
22260,7,8,23372,0
22260,7,8,23002,350
22260,7,8,22632,560
22260,7,8,22262,840
22260,7,8,1,1050
24859,7,8,26709,0
24859,7,8,26339,560
24859,7,8,25969,840
24859,7,8,25599,1050
24859,7,8,25229,1330
25968,7,8,27082,0
25968,7,8,26712,560
25968,7,8,26342,840
25968,7,8,25972,1050
25968,7,8,1,1330
25596,7,8,26341,0
25596,7,8,25971,490
25596,7,8,25601,770
25596,7,8,1,980
22632,7,8,23373,0
22632,7,8,23003,490
22632,7,8,22633,700
22632,7,8,1,980
25599,7,8,26341,0
25599,7,8,25971,560
25599,7,8,25601,770
25599,7,8,1,1050
25971,7,8,26712,0
25971,7,8,26342,420
25971,7,8,25972,700
25971,7,8,1,910
24112,7,8,24857,0
24112,7,8,24487,560
24112,7,8,24117,840
24112,7,8,1,1050
24115,7,8,24857,0
24115,7,8,24487,630
24115,7,8,24117,840
24115,7,8,1,1120
24484,7,8,25598,0
24484,7,8,25228,560
24484,7,8,24858,840
24484,7,8,24488,1050
24484,7,8,1,1330
25227,7,8,26340,0
25227,7,8,25970,420
25227,7,8,25600,700
25227,7,8,25230,910
25227,7,8,1,1190
24487,7,8,25228,0
24487,7,8,24858,490
24487,7,8,24488,770
24487,7,8,1,980
25230,7,8,27080,0
25230,7,8,26710,560
25230,7,8,26340,770
25230,7,8,25970,1050
25230,7,8,25600,1330
23000,7,8,24484,0
23000,7,8,24114,350
23000,7,8,23744,560
23000,7,8,23374,840
23000,7,8,23004,1050
23000,7,8,1,1330
23375,7,8,25595,0
23375,7,8,25225,350
23375,7,8,24855,560
23375,7,8,24485,840
23375,7,8,24115,1120
23375,7,8,23745,1330
23003,7,8,23744,0
23003,7,8,23374,490
23003,7,8,23004,700
23003,7,8,1,980
23740,7,8,24856,0
23740,7,8,24486,280
23740,7,8,24116,560
23740,7,8,23746,770
23740,7,8,1,1050
23372,7,8,24485,0
23372,7,8,24115,420
23372,7,8,23745,700
23372,7,8,23375,910
23372,7,8,1,1190
23743,7,8,24856,0
23743,7,8,24486,490
23743,7,8,24116,700
23743,7,8,23746,980
23743,7,8,1,1260
23746,7,8,25966,0
23746,7,8,25596,350
23746,7,8,25226,560
23746,7,8,24856,840
23746,7,8,24486,1120
23746,7,8,24116,1330
24855,7,8,26339,0
24855,7,8,25969,280
24855,7,8,25599,560
24855,7,8,25229,840
24855,7,8,24859,1050
24855,7,8,1,1330
21891,7,8,24111,0
21891,7,8,23741,350
21891,7,8,23371,630
21891,7,8,23001,840
21891,7,8,22631,1120
21891,7,8,22261,1330
24858,7,8,25599,0
24858,7,8,25229,490
24858,7,8,24859,770
24858,7,8,1,980
22262,7,8,24482,0
22262,7,8,24112,350
22262,7,8,23742,560
22262,7,8,23372,840
22262,7,8,23002,1120
22262,7,8,22632,1330
22631,7,8,23743,0
22631,7,8,23373,350
22631,7,8,23003,560
22631,7,8,22633,840
22631,7,8,1,1050
25598,7,8,26711,0
25598,7,8,26341,420
25598,7,8,25971,700
25598,7,8,25601,910
25598,7,8,1,1190
25970,7,8,26712,0
25970,7,8,26342,560
25970,7,8,25972,770
25970,7,8,1,1050
25967,7,8,26712,0
25967,7,8,26342,490
25967,7,8,25972,770
25967,7,8,1,1050
25601,7,8,27451,0
25601,7,8,27081,560
25601,7,8,26711,770
25601,7,8,26341,1050
25601,7,8,25971,1330
24483,7,8,25228,0
24483,7,8,24858,560
24483,7,8,24488,840
24483,7,8,1,1050
24117,7,8,25967,0
24117,7,8,25597,560
24117,7,8,25227,840
24117,7,8,24857,1050
24117,7,8,24487,1330
24486,7,8,25228,0
24486,7,8,24858,630
24486,7,8,24488,840
24486,7,8,1,1120
24114,7,8,25227,0
24114,7,8,24857,490
24114,7,8,24487,770
24114,7,8,24117,980
24114,7,8,1,1260
26341,7,8,27083,0
26341,7,8,26713,560
26341,7,8,26343,770
26341,7,8,1,1050
25226,7,8,26340,0
25226,7,8,25970,560
25226,7,8,25600,840
25226,7,8,25230,1050
25226,7,8,1,1330
25229,7,8,25970,0
25229,7,8,25600,420
25229,7,8,25230,700
25229,7,8,1,910
26338,7,8,27083,0
26338,7,8,26713,490
26338,7,8,26343,770
26338,7,8,1,1050
23371,7,8,24485,0
23371,7,8,24115,560
23371,7,8,23745,770
23371,7,8,23375,1050
23371,7,8,1,1330
23742,7,8,24856,0
23742,7,8,24486,560
23742,7,8,24116,840
23742,7,8,23746,1050
23742,7,8,1,1330
23374,7,8,24115,0
23374,7,8,23745,420
23374,7,8,23375,700
23374,7,8,1,980
23002,7,8,23744,0
23002,7,8,23374,560
23002,7,8,23004,840
23002,7,8,1,1050
23745,7,8,24486,0
23745,7,8,24116,490
23745,7,8,23746,770
23745,7,8,1,980
1,8,9,1,0
25597,8,9,26711,0
25597,8,9,26341,560
25597,8,9,25971,770
25597,8,9,25601,1050
25597,8,9,1,1260
25966,8,9,26712,0
25966,8,9,26342,490
25966,8,9,25972,770
25966,8,9,1,1050
22633,8,9,24853,0
22633,8,9,24483,350
22633,8,9,24113,630
22633,8,9,23743,840
22633,8,9,23373,1120
22633,8,9,23003,1330
24113,8,9,25227,0
24113,8,9,24857,560
24113,8,9,24487,840
24113,8,9,24117,1050
24113,8,9,1,1330
24482,8,9,25598,0
24482,8,9,25228,280
24482,8,9,24858,560
24482,8,9,24488,770
24482,8,9,1,1050
27824,8,9,28937,0
27824,8,9,28567,350
27824,8,9,28197,630
27824,8,9,27827,840
27824,8,9,1,1120
25228,8,9,25970,0
25228,8,9,25600,560
25228,8,9,25230,770
25228,8,9,1,1050
23373,8,9,24115,0
23373,8,9,23745,560
23373,8,9,23375,840
23373,8,9,1,1050
26708,8,9,27454,0
26708,8,9,27084,490
26708,8,9,26714,770
26708,8,9,1,980
23744,8,9,24486,0
23744,8,9,24116,630
23744,8,9,23746,840
23744,8,9,1,1120
24853,8,9,25969,0
24853,8,9,25599,280
24853,8,9,25229,560
24853,8,9,24859,770
24853,8,9,1,1050
25968,8,9,27082,0
25968,8,9,26712,560
25968,8,9,26342,840
25968,8,9,25972,1120
25968,8,9,1,1330
24115,8,9,24857,0
24115,8,9,24487,630
24115,8,9,24117,840
24115,8,9,1,1120
24484,8,9,25598,0
24484,8,9,25228,560
24484,8,9,24858,840
24484,8,9,24488,1050
24484,8,9,1,1330
25230,8,9,27080,0
25230,8,9,26710,560
25230,8,9,26340,770
25230,8,9,25970,1050
25230,8,9,25600,1330
23375,8,9,25595,0
23375,8,9,25225,350
23375,8,9,24855,560
23375,8,9,24485,840
23375,8,9,24115,1120
23375,8,9,23745,1330
26710,8,9,27824,0
26710,8,9,27454,560
26710,8,9,27084,840
26710,8,9,26714,1050
26710,8,9,1,1330
23746,8,9,25966,0
23746,8,9,25596,350
23746,8,9,25226,560
23746,8,9,24856,840
23746,8,9,24486,1120
23746,8,9,24116,1330
24855,8,9,26339,0
24855,8,9,25969,350
24855,8,9,25599,560
24855,8,9,25229,840
24855,8,9,24859,1120
24855,8,9,1,1330
21891,8,9,24111,0
21891,8,9,23741,350
21891,8,9,23371,630
21891,8,9,23001,840
21891,8,9,22631,1120
21891,8,9,22261,1330
25970,8,9,26712,0
25970,8,9,26342,560
25970,8,9,25972,770
25970,8,9,1,1050
24117,8,9,25967,0
24117,8,9,25597,560
24117,8,9,25227,840
24117,8,9,24857,1050
24117,8,9,24487,1330
24486,8,9,25228,0
24486,8,9,24858,630
24486,8,9,24488,840
24486,8,9,1,1120
23002,8,9,23744,0
23002,8,9,23374,560
23002,8,9,23004,840
23002,8,9,1,1050
26712,8,9,27454,0
26712,8,9,27084,560
26712,8,9,26714,770
26712,8,9,1,1050
27081,8,9,28195,0
27081,8,9,27825,560
27081,8,9,27455,840
27081,8,9,27085,1050
27081,8,9,1,1330
24857,8,9,25969,0
24857,8,9,25599,350
24857,8,9,25229,630
24857,8,9,24859,840
24857,8,9,1,1120
25972,8,9,27822,0
25972,8,9,27452,560
25972,8,9,27082,770
25972,8,9,26712,1050
25972,8,9,26342,1330
24488,8,9,26708,0
24488,8,9,26338,350
24488,8,9,25968,560
24488,8,9,25598,840
24488,8,9,25228,1120
24488,8,9,24858,1330
25225,8,9,25970,0
25225,8,9,25600,560
25225,8,9,25230,770
25225,8,9,1,1050
23004,8,9,25224,0
23004,8,9,24854,350
23004,8,9,24484,560
23004,8,9,24114,840
23004,8,9,23744,1120
23004,8,9,23374,1330
23741,8,9,24486,0
23741,8,9,24116,560
23741,8,9,23746,840
23741,8,9,1,1050
26714,8,9,28564,0
26714,8,9,28194,560
26714,8,9,27824,770
26714,8,9,27454,1050
26714,8,9,27084,1260
27083,8,9,27825,0
27083,8,9,27455,490
27083,8,9,27085,770
27083,8,9,1,1050
25599,8,9,26341,0
25599,8,9,25971,560
25599,8,9,25601,770
25599,8,9,1,1050
24112,8,9,24857,0
24112,8,9,24487,560
24112,8,9,24117,840
24112,8,9,1,1050
27454,8,9,28196,0
27454,8,9,27826,490
27454,8,9,27456,700
27454,8,9,1,980
25227,8,9,26340,0
25227,8,9,25970,420
25227,8,9,25600,700
25227,8,9,25230,910
25227,8,9,1,1190
26339,8,9,27453,0
26339,8,9,27083,560
26339,8,9,26713,840
26339,8,9,26343,1120
26339,8,9,1,1330
23743,8,9,24856,0
23743,8,9,24486,490
23743,8,9,24116,700
23743,8,9,23746,980
23743,8,9,1,1260
25601,8,9,27451,0
25601,8,9,27081,560
25601,8,9,26711,770
25601,8,9,26341,1050
25601,8,9,25971,1330
24483,8,9,25228,0
24483,8,9,24858,560
24483,8,9,24488,840
24483,8,9,1,1050
26709,8,9,27454,0
26709,8,9,27084,490
26709,8,9,26714,770
26709,8,9,1,980
26341,8,9,27083,0
26341,8,9,26713,560
26341,8,9,26343,770
26341,8,9,1,1050
23745,8,9,24486,0
23745,8,9,24116,490
23745,8,9,23746,770
23745,8,9,1,980
22261,8,9,23002,0
22261,8,9,22632,420
22261,8,9,22262,700
22261,8,9,1,980
24485,8,9,25598,0
24485,8,9,25228,490
24485,8,9,24858,770
24485,8,9,24488,980
24485,8,9,1,1260
23001,8,9,24114,0
23001,8,9,23744,420
23001,8,9,23374,700
23001,8,9,23004,910
23001,8,9,1,1190
26343,8,9,28193,0
26343,8,9,27823,560
26343,8,9,27453,770
26343,8,9,27083,1050
26343,8,9,26713,1330
27080,8,9,27825,0
27080,8,9,27455,490
27080,8,9,27085,770
27080,8,9,1,980
24859,8,9,26709,0
24859,8,9,26339,560
24859,8,9,25969,840
24859,8,9,25599,1050
24859,8,9,25229,1330
25596,8,9,26341,0
25596,8,9,25971,490
25596,8,9,25601,770
25596,8,9,1,980
22632,8,9,23373,0
22632,8,9,23003,490
22632,8,9,22633,700
22632,8,9,1,980
23003,8,9,23744,0
23003,8,9,23374,420
23003,8,9,23004,700
23003,8,9,1,980
23372,8,9,24485,0
23372,8,9,24115,420
23372,8,9,23745,700
23372,8,9,23375,910
23372,8,9,1,1190
27082,8,9,28195,0
27082,8,9,27825,420
27082,8,9,27455,630
27082,8,9,27085,910
27082,8,9,1,1120
25598,8,9,26711,0
25598,8,9,26341,420
25598,8,9,25971,700
25598,8,9,25601,910
25598,8,9,1,1190
25967,8,9,26712,0
25967,8,9,26342,490
25967,8,9,25972,770
25967,8,9,1,1050
24114,8,9,25227,0
24114,8,9,24857,490
24114,8,9,24487,770
24114,8,9,24117,980
24114,8,9,1,1260
25229,8,9,25970,0
25229,8,9,25600,420
25229,8,9,25230,700
25229,8,9,1,910
26338,8,9,27083,0
26338,8,9,26713,490
26338,8,9,26343,770
26338,8,9,1,1050
23742,8,9,25226,0
23742,8,9,24856,350
23742,8,9,24486,560
23742,8,9,24116,840
23742,8,9,23746,1050
23742,8,9,1,1330
23374,8,9,24115,0
23374,8,9,23745,420
23374,8,9,23375,700
23374,8,9,1,980
27084,8,9,27825,0
27084,8,9,27455,420
27084,8,9,27085,700
27084,8,9,1,910
24854,8,9,25599,0
24854,8,9,25229,560
24854,8,9,24859,840
24854,8,9,1,1050
25600,8,9,26341,0
25600,8,9,25971,420
25600,8,9,25601,700
25600,8,9,1,910
25969,8,9,27082,0
25969,8,9,26712,420
25969,8,9,26342,700
25969,8,9,25972,910
25969,8,9,1,1190
24116,8,9,24857,0
24116,8,9,24487,490
24116,8,9,24117,770
24116,8,9,1,980
26340,8,9,27453,0
26340,8,9,27083,420
26340,8,9,26713,700
26340,8,9,26343,910
26340,8,9,1,1190
26711,8,9,27824,0
26711,8,9,27454,420
26711,8,9,27084,700
26711,8,9,26714,910
26711,8,9,1,1190
24856,8,9,25969,0
24856,8,9,25599,490
24856,8,9,25229,770
24856,8,9,24859,980
24856,8,9,1,1260
25971,8,9,26712,0
25971,8,9,26342,420
25971,8,9,25972,700
25971,8,9,1,910
27451,8,9,28196,0
27451,8,9,27826,420
27451,8,9,27456,700
27451,8,9,1,980
24487,8,9,25228,0
24487,8,9,24858,490
24487,8,9,24488,770
24487,8,9,1,980
25224,8,9,25970,0
25224,8,9,25600,490
25224,8,9,25230,770
25224,8,9,1,980
26342,8,9,27083,0
26342,8,9,26713,420
26342,8,9,26343,700
26342,8,9,1,910
26713,8,9,27454,0
26713,8,9,27084,420
26713,8,9,26714,700
26713,8,9,1,910
24858,8,9,25599,0
24858,8,9,25229,490
24858,8,9,24859,770
24858,8,9,1,980
25595,8,9,26341,0
25595,8,9,25971,490
25595,8,9,25601,770
25595,8,9,1,980
22262,8,9,24482,0
22262,8,9,24112,350
22262,8,9,23742,560
22262,8,9,23372,840
22262,8,9,23002,1120
22262,8,9,22632,1330
22631,8,9,23743,0
22631,8,9,23373,350
22631,8,9,23003,560
22631,8,9,22633,840
22631,8,9,1,1120
24111,8,9,25227,0
24111,8,9,24857,280
24111,8,9,24487,560
24111,8,9,24117,770
24111,8,9,1,1050
27453,8,9,28566,0
27453,8,9,28196,350
27453,8,9,27826,630
27453,8,9,27456,840
27453,8,9,1,1120
25226,8,9,26340,0
25226,8,9,25970,560
25226,8,9,25600,840
25226,8,9,25230,1050
25226,8,9,1,1330
23371,8,9,24855,0
23371,8,9,24485,280
23371,8,9,24115,560
23371,8,9,23745,770
23371,8,9,23375,1050
23371,8,9,1,1260
1,9,10,1,0
25597,9,10,26711,0
25597,9,10,26341,560
25597,9,10,25971,770
25597,9,10,25601,1050
25597,9,10,1,1260
25966,9,10,26712,0
25966,9,10,26342,490
25966,9,10,25972,770
25966,9,10,1,1050
22633,9,10,24853,0
22633,9,10,24483,350
22633,9,10,24113,630
22633,9,10,23743,840
22633,9,10,23373,1120
22633,9,10,23003,1330
24113,9,10,25227,0
24113,9,10,24857,560
24113,9,10,24487,840
24113,9,10,24117,1050
24113,9,10,1,1330
24482,9,10,25598,0
24482,9,10,25228,280
24482,9,10,24858,560
24482,9,10,24488,770
24482,9,10,1,1050
27455,9,10,28196,0
27455,9,10,27826,350
27455,9,10,27456,630
27455,9,10,1,840
27824,9,10,28937,0
27824,9,10,28567,350
27824,9,10,28197,630
27824,9,10,27827,840
27824,9,10,1,1120
25228,9,10,25970,0
25228,9,10,25600,560
25228,9,10,25230,770
25228,9,10,1,1050
23373,9,10,24115,0
23373,9,10,23745,560
23373,9,10,23375,840
23373,9,10,1,1050
26708,9,10,27454,0
26708,9,10,27084,490
26708,9,10,26714,770
26708,9,10,1,980
23744,9,10,24486,0
23744,9,10,24116,630
23744,9,10,23746,840
23744,9,10,1,1120
24853,9,10,25969,0
24853,9,10,25599,280
24853,9,10,25229,560
24853,9,10,24859,770
24853,9,10,1,1050
25968,9,10,27082,0
25968,9,10,26712,560
25968,9,10,26342,840
25968,9,10,25972,1120
25968,9,10,1,1330
24115,9,10,24857,0
24115,9,10,24487,630
24115,9,10,24117,840
24115,9,10,1,1120
24484,9,10,25598,0
24484,9,10,25228,560
24484,9,10,24858,840
24484,9,10,24488,1050
24484,9,10,1,1330
28194,9,10,29308,0
28194,9,10,28938,420
28194,9,10,28568,700
28194,9,10,28198,910
28194,9,10,1,1190
27826,9,10,28567,0
27826,9,10,28197,350
27826,9,10,27827,630
27826,9,10,1,840
25230,9,10,27080,0
25230,9,10,26710,560
25230,9,10,26340,770
25230,9,10,25970,1050
25230,9,10,25600,1330
23375,9,10,25595,0
23375,9,10,25225,350
23375,9,10,24855,560
23375,9,10,24485,840
23375,9,10,24115,1120
23375,9,10,23745,1330
26710,9,10,27824,0
26710,9,10,27454,560
26710,9,10,27084,840
26710,9,10,26714,1050
26710,9,10,1,1330
23746,9,10,25966,0
23746,9,10,25596,350
23746,9,10,25226,560
23746,9,10,24856,840
23746,9,10,24486,1120
23746,9,10,24116,1330
24855,9,10,26339,0
24855,9,10,25969,350
24855,9,10,25599,560
24855,9,10,25229,840
24855,9,10,24859,1120
24855,9,10,1,1330
25970,9,10,26712,0
25970,9,10,26342,560
25970,9,10,25972,770
25970,9,10,1,1050
24117,9,10,25967,0
24117,9,10,25597,560
24117,9,10,25227,840
24117,9,10,24857,1050
24117,9,10,24487,1330
24486,9,10,25228,0
24486,9,10,24858,630
24486,9,10,24488,840
24486,9,10,1,1120
28196,9,10,28938,0
28196,9,10,28568,420
28196,9,10,28198,700
28196,9,10,1,910
23002,9,10,23744,0
23002,9,10,23374,560
23002,9,10,23004,840
23002,9,10,1,1050
26712,9,10,27454,0
26712,9,10,27084,560
26712,9,10,26714,770
26712,9,10,1,1050
27081,9,10,28195,0
27081,9,10,27825,560
27081,9,10,27455,840
27081,9,10,27085,1050
27081,9,10,1,1330
24857,9,10,25969,0
24857,9,10,25599,350
24857,9,10,25229,630
24857,9,10,24859,840
24857,9,10,1,1120
25972,9,10,27822,0
25972,9,10,27452,560
25972,9,10,27082,770
25972,9,10,26712,1050
25972,9,10,26342,1330
27452,9,10,28566,0
27452,9,10,28196,490
27452,9,10,27826,700
27452,9,10,27456,980
27452,9,10,1,1260
24488,9,10,26708,0
24488,9,10,26338,350
24488,9,10,25968,560
24488,9,10,25598,840
24488,9,10,25228,1120
24488,9,10,24858,1330
25225,9,10,25970,0
25225,9,10,25600,560
25225,9,10,25230,770
25225,9,10,1,1050
23004,9,10,25224,0
23004,9,10,24854,350
23004,9,10,24484,560
23004,9,10,24114,840
23004,9,10,23744,1120
23004,9,10,23374,1330
23741,9,10,24486,0
23741,9,10,24116,560
23741,9,10,23746,840
23741,9,10,1,1050
26714,9,10,28564,0
26714,9,10,28194,560
26714,9,10,27824,770
26714,9,10,27454,1050
26714,9,10,27084,1260
27083,9,10,27825,0
27083,9,10,27455,490
27083,9,10,27085,770
27083,9,10,1,1050
25599,9,10,26341,0
25599,9,10,25971,560
25599,9,10,25601,770
25599,9,10,1,1050
24112,9,10,24857,0
24112,9,10,24487,560
24112,9,10,24117,840
24112,9,10,1,1050
27454,9,10,28196,0
27454,9,10,27826,490
27454,9,10,27456,700
27454,9,10,1,980
27823,9,10,28937,0
27823,9,10,28567,490
27823,9,10,28197,700
27823,9,10,27827,980
27823,9,10,1,1260
25227,9,10,26340,0
25227,9,10,25970,420
25227,9,10,25600,700
25227,9,10,25230,910
25227,9,10,1,1190
26339,9,10,27453,0
26339,9,10,27083,560
26339,9,10,26713,840
26339,9,10,26343,1120
26339,9,10,1,1330
23743,9,10,24856,0
23743,9,10,24486,490
23743,9,10,24116,700
23743,9,10,23746,980
23743,9,10,1,1260
27085,9,10,28935,0
27085,9,10,28565,560
27085,9,10,28195,770
27085,9,10,27825,1050
27085,9,10,27455,1260
25601,9,10,27451,0
25601,9,10,27081,560
25601,9,10,26711,770
25601,9,10,26341,1050
25601,9,10,25971,1330
24483,9,10,25228,0
24483,9,10,24858,560
24483,9,10,24488,840
24483,9,10,1,1050
27825,9,10,28567,0
27825,9,10,28197,490
27825,9,10,27827,700
27825,9,10,1,980
26709,9,10,27454,0
26709,9,10,27084,490
26709,9,10,26714,770
26709,9,10,1,980
26341,9,10,27083,0
26341,9,10,26713,560
26341,9,10,26343,770
26341,9,10,1,1050
23745,9,10,24486,0
23745,9,10,24116,490
23745,9,10,23746,770
23745,9,10,1,980
22261,9,10,23002,0
22261,9,10,22632,420
22261,9,10,22262,700
22261,9,10,1,980
28567,9,10,29309,0
28567,9,10,28939,420
28567,9,10,28569,630
28567,9,10,1,910
24485,9,10,25598,0
24485,9,10,25228,490
24485,9,10,24858,770
24485,9,10,24488,980
24485,9,10,1,1260
27827,9,10,29677,0
27827,9,10,29307,490
27827,9,10,28937,770
27827,9,10,28567,980
27827,9,10,28197,1260
27827,9,10,27827,1470
23001,9,10,24114,0
23001,9,10,23744,420
23001,9,10,23374,700
23001,9,10,23004,910
23001,9,10,1,1190
26343,9,10,28193,0
26343,9,10,27823,560
26343,9,10,27453,770
26343,9,10,27083,1050
26343,9,10,26713,1330
27080,9,10,27825,0
27080,9,10,27455,490
27080,9,10,27085,770
27080,9,10,1,980
24859,9,10,26709,0
24859,9,10,26339,560
24859,9,10,25969,840
24859,9,10,25599,1050
24859,9,10,25229,1330
25596,9,10,26341,0
25596,9,10,25971,490
25596,9,10,25601,770
25596,9,10,1,980
22632,9,10,23373,0
22632,9,10,23003,490
22632,9,10,22633,700
22632,9,10,1,980
23003,9,10,23744,0
23003,9,10,23374,420
23003,9,10,23004,700
23003,9,10,1,980
23372,9,10,24485,0
23372,9,10,24115,420
23372,9,10,23745,700
23372,9,10,23375,910
23372,9,10,1,1190
27082,9,10,28195,0
27082,9,10,27825,420
27082,9,10,27455,630
27082,9,10,27085,910
27082,9,10,1,1120
25598,9,10,26711,0
25598,9,10,26341,420
25598,9,10,25971,700
25598,9,10,25601,910
25598,9,10,1,1190
25967,9,10,26712,0
25967,9,10,26342,490
25967,9,10,25972,770
25967,9,10,1,1050
27822,9,10,28567,0
27822,9,10,28197,490
27822,9,10,27827,700
27822,9,10,1,980
24114,9,10,25227,0
24114,9,10,24857,490
24114,9,10,24487,770
24114,9,10,24117,980
24114,9,10,1,1260
27456,9,10,29306,0
27456,9,10,28936,490
27456,9,10,28566,770
27456,9,10,28196,980
27456,9,10,27826,1260
27456,9,10,27456,1470
28193,9,10,28938,0
28193,9,10,28568,420
28193,9,10,28198,630
28193,9,10,1,910
25229,9,10,25970,0
25229,9,10,25600,420
25229,9,10,25230,700
25229,9,10,1,910
26338,9,10,27083,0
26338,9,10,26713,490
26338,9,10,26343,770
26338,9,10,1,1050
23742,9,10,25226,0
23742,9,10,24856,350
23742,9,10,24486,560
23742,9,10,24116,840
23742,9,10,23746,1050
23742,9,10,1,1330
23374,9,10,24115,0
23374,9,10,23745,420
23374,9,10,23375,700
23374,9,10,1,980
27084,9,10,27825,0
27084,9,10,27455,420
27084,9,10,27085,700
27084,9,10,1,910
24854,9,10,25599,0
24854,9,10,25229,560
24854,9,10,24859,840
24854,9,10,1,1050
28564,9,10,29309,0
28564,9,10,28939,350
28564,9,10,28569,630
28564,9,10,1,840
25600,9,10,26341,0
25600,9,10,25971,420
25600,9,10,25601,700
25600,9,10,1,910
25969,9,10,27082,0
25969,9,10,26712,420
25969,9,10,26342,700
25969,9,10,25972,910
25969,9,10,1,1190
24116,9,10,24857,0
24116,9,10,24487,490
24116,9,10,24117,770
24116,9,10,1,980
28195,9,10,28938,0
28195,9,10,28568,630
28195,9,10,28198,910
28195,9,10,1,1120
26340,9,10,27453,0
26340,9,10,27083,420
26340,9,10,26713,700
26340,9,10,26343,910
26340,9,10,1,1190
26711,9,10,27824,0
26711,9,10,27454,420
26711,9,10,27084,700
26711,9,10,26714,910
26711,9,10,1,1190
24856,9,10,25969,0
24856,9,10,25599,490
24856,9,10,25229,770
24856,9,10,24859,980
24856,9,10,1,1260
28566,9,10,29309,0
28566,9,10,28939,560
28566,9,10,28569,770
28566,9,10,1,1050
25971,9,10,26712,0
25971,9,10,26342,420
25971,9,10,25972,700
25971,9,10,1,910
27451,9,10,28196,0
27451,9,10,27826,420
27451,9,10,27456,700
27451,9,10,1,980
24487,9,10,25228,0
24487,9,10,24858,490
24487,9,10,24488,770
24487,9,10,1,980
25224,9,10,25970,0
25224,9,10,25600,490
25224,9,10,25230,770
25224,9,10,1,980
28197,9,10,28568,0
28197,9,10,28198,560
28197,9,10,1,840
26342,9,10,27083,0
26342,9,10,26713,420
26342,9,10,26343,700
26342,9,10,1,910
26713,9,10,27454,0
26713,9,10,27084,420
26713,9,10,26714,700
26713,9,10,1,910
24858,9,10,25599,0
24858,9,10,25229,490
24858,9,10,24859,770
24858,9,10,1,980
25595,9,10,26341,0
25595,9,10,25971,490
25595,9,10,25601,770
25595,9,10,1,980
22262,9,10,24482,0
22262,9,10,24112,350
22262,9,10,23742,560
22262,9,10,23372,840
22262,9,10,23002,1120
22262,9,10,22632,1330
22631,9,10,23743,0
22631,9,10,23373,350
22631,9,10,23003,560
22631,9,10,22633,840
22631,9,10,1,1120
28937,9,10,29680,0
28937,9,10,29310,560
28937,9,10,28940,770
28937,9,10,1,1050
24111,9,10,25227,0
24111,9,10,24857,280
24111,9,10,24487,560
24111,9,10,24117,770
24111,9,10,1,1050
27453,9,10,28566,0
27453,9,10,28196,350
27453,9,10,27826,630
27453,9,10,27456,840
27453,9,10,1,1120
25226,9,10,26340,0
25226,9,10,25970,560
25226,9,10,25600,840
25226,9,10,25230,1050
25226,9,10,1,1330
23371,9,10,24855,0
23371,9,10,24485,280
23371,9,10,24115,560
23371,9,10,23745,770
23371,9,10,23375,1050
23371,9,10,1,1260
1,10,11,1,0
25597,10,11,26711,0
25597,10,11,26341,560
25597,10,11,25971,770
25597,10,11,25601,1050
25597,10,11,1,1330
25966,10,11,26712,0
25966,10,11,26342,490
25966,10,11,25972,770
25966,10,11,1,1050
22633,10,11,24853,0
22633,10,11,24483,350
22633,10,11,24113,630
22633,10,11,23743,840
22633,10,11,23373,1120
22633,10,11,23003,1330
28939,10,11,29310,0
28939,10,11,28940,560
28939,10,11,1,770
24113,10,11,25227,0
24113,10,11,24857,560
24113,10,11,24487,840
24113,10,11,24117,1120
24113,10,11,1,1330
24482,10,11,25598,0
24482,10,11,25228,280
24482,10,11,24858,560
24482,10,11,24488,770
24482,10,11,1,1050
27455,10,11,28196,0
27455,10,11,27826,350
27455,10,11,27456,630
27455,10,11,1,840
27824,10,11,28937,0
27824,10,11,28567,350
27824,10,11,28197,630
27824,10,11,27827,840
27824,10,11,1,1120
25228,10,11,25970,0
25228,10,11,25600,560
25228,10,11,25230,770
25228,10,11,1,1050
23373,10,11,24485,0
23373,10,11,24115,350
23373,10,11,23745,560
23373,10,11,23375,840
23373,10,11,1,1050
26708,10,11,27454,0
26708,10,11,27084,490
26708,10,11,26714,770
26708,10,11,1,980
23744,10,11,24856,0
23744,10,11,24486,350
23744,10,11,24116,630
23744,10,11,23746,840
23744,10,11,1,1120
24853,10,11,25969,0
24853,10,11,25599,280
24853,10,11,25229,560
24853,10,11,24859,770
24853,10,11,1,1050
25968,10,11,27082,0
25968,10,11,26712,560
25968,10,11,26342,840
25968,10,11,25972,1120
25968,10,11,1,1330
24115,10,11,24857,0
24115,10,11,24487,630
24115,10,11,24117,840
24115,10,11,1,1120
24484,10,11,25968,0
24484,10,11,25598,280
24484,10,11,25228,560
24484,10,11,24858,840
24484,10,11,24488,1050
24484,10,11,1,1330
28194,10,11,29308,0
28194,10,11,28938,420
28194,10,11,28568,700
28194,10,11,28198,910
28194,10,11,1,1190
27826,10,11,28567,0
27826,10,11,28197,350
27826,10,11,27827,630
27826,10,11,1,910
25230,10,11,27080,0
25230,10,11,26710,560
25230,10,11,26340,770
25230,10,11,25970,1050
25230,10,11,25600,1330
23375,10,11,25595,0
23375,10,11,25225,350
23375,10,11,24855,560
23375,10,11,24485,840
23375,10,11,24115,1120
23375,10,11,23745,1330
29306,10,11,30051,0
29306,10,11,29681,350
29306,10,11,29311,630
29306,10,11,1,840
26710,10,11,27824,0
26710,10,11,27454,560
26710,10,11,27084,840
26710,10,11,26714,1050
26710,10,11,1,1330
23746,10,11,25966,0
23746,10,11,25596,350
23746,10,11,25226,560
23746,10,11,24856,840
23746,10,11,24486,1120
23746,10,11,24116,1330
24855,10,11,26339,0
24855,10,11,25969,350
24855,10,11,25599,560
24855,10,11,25229,840
24855,10,11,24859,1120
24855,10,11,1,1330
25970,10,11,26712,0
25970,10,11,26342,560
25970,10,11,25972,770
25970,10,11,1,1050
28568,10,11,28939,0
28568,10,11,28569,560
28568,10,11,1,840
24117,10,11,26337,0
24117,10,11,25967,350
24117,10,11,25597,560
24117,10,11,25227,840
24117,10,11,24857,1120
24117,10,11,24487,1330
24486,10,11,25228,0
24486,10,11,24858,630
24486,10,11,24488,840
24486,10,11,1,1120
28196,10,11,28938,0
28196,10,11,28568,420
28196,10,11,28198,700
28196,10,11,1,910
23002,10,11,24114,0
23002,10,11,23744,350
23002,10,11,23374,560
23002,10,11,23004,840
23002,10,11,1,1050
29308,10,11,30051,0
29308,10,11,29681,560
29308,10,11,29311,770
29308,10,11,1,1050
26712,10,11,27454,0
26712,10,11,27084,560
26712,10,11,26714,770
26712,10,11,1,1050
27081,10,11,28195,0
27081,10,11,27825,560
27081,10,11,27455,840
27081,10,11,27085,1050
27081,10,11,1,1330
24857,10,11,25969,0
24857,10,11,25599,350
24857,10,11,25229,630
24857,10,11,24859,840
24857,10,11,1,1120
25972,10,11,27822,0
25972,10,11,27452,560
25972,10,11,27082,840
25972,10,11,26712,1050
25972,10,11,26342,1330
27452,10,11,28566,0
27452,10,11,28196,490
27452,10,11,27826,700
27452,10,11,27456,980
27452,10,11,1,1260
24488,10,11,26708,0
24488,10,11,26338,350
24488,10,11,25968,560
24488,10,11,25598,840
24488,10,11,25228,1120
24488,10,11,24858,1330
25225,10,11,25970,0
25225,10,11,25600,560
25225,10,11,25230,770
25225,10,11,1,1050
23004,10,11,25224,0
23004,10,11,24854,350
23004,10,11,24484,560
23004,10,11,24114,840
23004,10,11,23744,1120
23004,10,11,23374,1330
29310,10,11,29681,0
29310,10,11,29311,560
29310,10,11,1,770
26714,10,11,28564,0
26714,10,11,28194,560
26714,10,11,27824,770
26714,10,11,27454,1050
26714,10,11,27084,1330
27083,10,11,27825,0
27083,10,11,27455,490
27083,10,11,27085,770
27083,10,11,1,1050
25599,10,11,26341,0
25599,10,11,25971,560
25599,10,11,25601,770
25599,10,11,1,1050
24112,10,11,24857,0
24112,10,11,24487,560
24112,10,11,24117,840
24112,10,11,1,1050
27454,10,11,28196,0
27454,10,11,27826,490
27454,10,11,27456,700
27454,10,11,1,980
27823,10,11,28937,0
27823,10,11,28567,490
27823,10,11,28197,770
27823,10,11,27827,980
27823,10,11,1,1260
25227,10,11,26340,0
25227,10,11,25970,420
25227,10,11,25600,700
25227,10,11,25230,910
25227,10,11,1,1190
26339,10,11,27453,0
26339,10,11,27083,560
26339,10,11,26713,840
26339,10,11,26343,1120
26339,10,11,1,1330
23743,10,11,24856,0
23743,10,11,24486,490
23743,10,11,24116,770
23743,10,11,23746,980
23743,10,11,1,1260
27085,10,11,28935,0
27085,10,11,28565,560
27085,10,11,28195,770
27085,10,11,27825,1050
27085,10,11,27455,1260
28565,10,11,29679,0
28565,10,11,29309,420
28565,10,11,28939,700
28565,10,11,28569,910
28565,10,11,1,1190
25601,10,11,27451,0
25601,10,11,27081,560
25601,10,11,26711,770
25601,10,11,26341,1050
25601,10,11,25971,1330
24483,10,11,25228,0
24483,10,11,24858,560
24483,10,11,24488,840
24483,10,11,1,1050
29680,10,11,30422,0
29680,10,11,30052,420
29680,10,11,29682,700
29680,10,11,1,910
27825,10,11,28567,0
27825,10,11,28197,490
27825,10,11,27827,700
27825,10,11,1,980
26709,10,11,27454,0
26709,10,11,27084,490
26709,10,11,26714,770
26709,10,11,1,980
26341,10,11,27083,0
26341,10,11,26713,560
26341,10,11,26343,770
26341,10,11,1,1050
23745,10,11,24486,0
23745,10,11,24116,490
23745,10,11,23746,770
23745,10,11,1,980
28567,10,11,29309,0
28567,10,11,28939,420
28567,10,11,28569,630
28567,10,11,1,910
28936,10,11,30050,0
28936,10,11,29680,420
28936,10,11,29310,630
28936,10,11,28940,910
28936,10,11,1,1190
24485,10,11,25598,0
24485,10,11,25228,490
24485,10,11,24858,770
24485,10,11,24488,980
24485,10,11,1,1260
27827,10,11,29677,0
27827,10,11,29307,490
27827,10,11,28937,770
27827,10,11,28567,980
27827,10,11,28197,1260
27827,10,11,27827,1470
28198,10,11,30048,0
28198,10,11,29678,490
28198,10,11,29308,700
28198,10,11,28938,980
28198,10,11,28568,1190
28198,10,11,28198,1470
29307,10,11,30421,0
29307,10,11,30051,420
29307,10,11,29681,630
29307,10,11,29311,910
29307,10,11,1,1190
26343,10,11,28193,0
26343,10,11,27823,560
26343,10,11,27453,840
26343,10,11,27083,1050
26343,10,11,26713,1330
27080,10,11,27825,0
27080,10,11,27455,490
27080,10,11,27085,770
27080,10,11,1,980
24859,10,11,27079,0
24859,10,11,26709,350
24859,10,11,26339,560
24859,10,11,25969,840
24859,10,11,25599,1120
24859,10,11,25229,1330
25596,10,11,26341,0
25596,10,11,25971,490
25596,10,11,25601,770
25596,10,11,1,1050
28569,10,11,30419,0
28569,10,11,30049,420
28569,10,11,29679,700
28569,10,11,29309,910
28569,10,11,28939,1190
28569,10,11,28569,1470
22632,10,11,23373,0
22632,10,11,23003,490
22632,10,11,22633,700
22632,10,11,1,980
28938,10,11,29680,0
28938,10,11,29310,420
28938,10,11,28940,630
28938,10,11,1,910
23003,10,11,23744,0
23003,10,11,23374,490
23003,10,11,23004,700
23003,10,11,1,980
29309,10,11,30051,0
29309,10,11,29681,420
29309,10,11,29311,630
29309,10,11,1,910
23372,10,11,24485,0
23372,10,11,24115,420
23372,10,11,23745,700
23372,10,11,23375,980
23372,10,11,1,1190
27082,10,11,28195,0
27082,10,11,27825,420
27082,10,11,27455,630
27082,10,11,27085,910
27082,10,11,1,1190
25598,10,11,26711,0
25598,10,11,26341,420
25598,10,11,25971,700
25598,10,11,25601,910
25598,10,11,1,1190
25967,10,11,26712,0
25967,10,11,26342,490
25967,10,11,25972,770
25967,10,11,1,1050
28940,10,11,30790,0
28940,10,11,30420,420
28940,10,11,30050,700
28940,10,11,29680,910
28940,10,11,29310,1190
28940,10,11,28940,1400
29677,10,11,30422,0
29677,10,11,30052,420
29677,10,11,29682,630
29677,10,11,1,910
27822,10,11,28567,0
27822,10,11,28197,490
27822,10,11,27827,700
27822,10,11,1,980
24114,10,11,25227,0
24114,10,11,24857,490
24114,10,11,24487,770
24114,10,11,24117,980
24114,10,11,1,1260
27456,10,11,29306,0
27456,10,11,28936,490
27456,10,11,28566,770
27456,10,11,28196,980
27456,10,11,27826,1260
27456,10,11,27456,1470
28193,10,11,28938,0
28193,10,11,28568,490
28193,10,11,28198,700
28193,10,11,1,980
25229,10,11,25970,0
25229,10,11,25600,420
25229,10,11,25230,700
25229,10,11,1,910
26338,10,11,27083,0
26338,10,11,26713,490
26338,10,11,26343,770
26338,10,11,1,1050
23742,10,11,25226,0
23742,10,11,24856,350
23742,10,11,24486,560
23742,10,11,24116,840
23742,10,11,23746,1120
23742,10,11,1,1330
23374,10,11,24115,0
23374,10,11,23745,490
23374,10,11,23375,700
23374,10,11,1,980
27084,10,11,27825,0
27084,10,11,27455,420
27084,10,11,27085,700
27084,10,11,1,910
24854,10,11,25599,0
24854,10,11,25229,560
24854,10,11,24859,840
24854,10,11,1,1050
28564,10,11,29309,0
28564,10,11,28939,350
28564,10,11,28569,630
28564,10,11,1,910
25600,10,11,26341,0
25600,10,11,25971,420
25600,10,11,25601,700
25600,10,11,1,910
25969,10,11,27082,0
25969,10,11,26712,420
25969,10,11,26342,700
25969,10,11,25972,910
25969,10,11,1,1190
24116,10,11,24857,0
24116,10,11,24487,490
24116,10,11,24117,770
24116,10,11,1,1050
28195,10,11,28938,0
28195,10,11,28568,560
28195,10,11,28198,840
28195,10,11,1,1050
26340,10,11,27453,0
26340,10,11,27083,420
26340,10,11,26713,700
26340,10,11,26343,910
26340,10,11,1,1190
26711,10,11,27824,0
26711,10,11,27454,420
26711,10,11,27084,700
26711,10,11,26714,910
26711,10,11,1,1190
24856,10,11,25969,0
24856,10,11,25599,490
24856,10,11,25229,770
24856,10,11,24859,980
24856,10,11,1,1260
28566,10,11,29309,0
28566,10,11,28939,560
28566,10,11,28569,770
28566,10,11,1,1050
28935,10,11,29680,0
28935,10,11,29310,350
28935,10,11,28940,630
28935,10,11,1,840
25971,10,11,26712,0
25971,10,11,26342,420
25971,10,11,25972,700
25971,10,11,1,910
27451,10,11,28196,0
27451,10,11,27826,420
27451,10,11,27456,700
27451,10,11,1,980
24487,10,11,25228,0
24487,10,11,24858,490
24487,10,11,24488,770
24487,10,11,1,980
25224,10,11,25970,0
25224,10,11,25600,490
25224,10,11,25230,770
25224,10,11,1,980
28197,10,11,28568,0
28197,10,11,28198,560
28197,10,11,1,840
26342,10,11,27083,0
26342,10,11,26713,420
26342,10,11,26343,700
26342,10,11,1,910
26713,10,11,27454,0
26713,10,11,27084,420
26713,10,11,26714,700
26713,10,11,1,910
24858,10,11,25599,0
24858,10,11,25229,490
24858,10,11,24859,770
24858,10,11,1,980
25595,10,11,26341,0
25595,10,11,25971,490
25595,10,11,25601,770
25595,10,11,1,980
22262,10,11,24482,0
22262,10,11,24112,350
22262,10,11,23742,630
22262,10,11,23372,840
22262,10,11,23002,1120
22262,10,11,22632,1330
28937,10,11,29680,0
28937,10,11,29310,560
28937,10,11,28940,770
28937,10,11,1,1050
27453,10,11,28566,0
27453,10,11,28196,350
27453,10,11,27826,630
27453,10,11,27456,840
27453,10,11,1,1120
25226,10,11,26340,0
25226,10,11,25970,560
25226,10,11,25600,840
25226,10,11,25230,1050
25226,10,11,1,1330
1,11,12,1,0
30048,11,12,30793,0
30048,11,12,30423,420
30048,11,12,30053,630
30048,11,12,1,910
25597,11,12,26711,0
25597,11,12,26341,560
25597,11,12,25971,770
25597,11,12,25601,1050
25597,11,12,1,1330
25966,11,12,26712,0
25966,11,12,26342,490
25966,11,12,25972,770
25966,11,12,1,1050
22633,11,12,24853,0
22633,11,12,24483,350
22633,11,12,24113,630
22633,11,12,23743,840
22633,11,12,23373,1120
22633,11,12,23003,1330
28939,11,12,29310,0
28939,11,12,28940,560
28939,11,12,1,770
24113,11,12,25227,0
24113,11,12,24857,560
24113,11,12,24487,840
24113,11,12,24117,1120
24113,11,12,1,1330
24482,11,12,25598,0
24482,11,12,25228,280
24482,11,12,24858,560
24482,11,12,24488,770
24482,11,12,1,1050
27455,11,12,28196,0
27455,11,12,27826,350
27455,11,12,27456,630
27455,11,12,1,840
27824,11,12,28937,0
27824,11,12,28567,350
27824,11,12,28197,630
27824,11,12,27827,840
27824,11,12,1,1120
25228,11,12,25970,0
25228,11,12,25600,560
25228,11,12,25230,770
25228,11,12,1,1050
23373,11,12,24485,0
23373,11,12,24115,350
23373,11,12,23745,560
23373,11,12,23375,840
23373,11,12,1,1050
26708,11,12,27454,0
26708,11,12,27084,490
26708,11,12,26714,770
26708,11,12,1,980
23744,11,12,24856,0
23744,11,12,24486,350
23744,11,12,24116,630
23744,11,12,23746,840
23744,11,12,1,1120
24853,11,12,25969,0
24853,11,12,25599,280
24853,11,12,25229,560
24853,11,12,24859,770
24853,11,12,1,1050
30050,11,12,30793,0
30050,11,12,30423,560
30050,11,12,30053,840
30050,11,12,1,1050
25968,11,12,27082,0
25968,11,12,26712,560
25968,11,12,26342,840
25968,11,12,25972,1120
25968,11,12,1,1330
24115,11,12,24857,0
24115,11,12,24487,630
24115,11,12,24117,840
24115,11,12,1,1120
24484,11,12,25968,0
24484,11,12,25598,280
24484,11,12,25228,560
24484,11,12,24858,840
24484,11,12,24488,1050
24484,11,12,1,1330
30790,11,12,31535,0
30790,11,12,31165,490
30790,11,12,30795,770
30790,11,12,1,980
28194,11,12,29308,0
28194,11,12,28938,420
28194,11,12,28568,700
28194,11,12,28198,910
28194,11,12,1,1190
27826,11,12,28567,0
27826,11,12,28197,350
27826,11,12,27827,630
27826,11,12,1,910
25230,11,12,27080,0
25230,11,12,26710,560
25230,11,12,26340,770
25230,11,12,25970,1050
25230,11,12,25600,1330
23375,11,12,25595,0
23375,11,12,25225,350
23375,11,12,24855,560
23375,11,12,24485,840
23375,11,12,24115,1120
23375,11,12,23745,1330
29306,11,12,30051,0
29306,11,12,29681,350
29306,11,12,29311,630
29306,11,12,1,840
26710,11,12,27824,0
26710,11,12,27454,560
26710,11,12,27084,840
26710,11,12,26714,1050
26710,11,12,1,1330
27079,11,12,27825,0
27079,11,12,27455,490
27079,11,12,27085,770
27079,11,12,1,980
23746,11,12,25966,0
23746,11,12,25596,350
23746,11,12,25226,560
23746,11,12,24856,840
23746,11,12,24486,1120
23746,11,12,24116,1330
24855,11,12,26339,0
24855,11,12,25969,350
24855,11,12,25599,560
24855,11,12,25229,840
24855,11,12,24859,1120
24855,11,12,1,1330
30052,11,12,30793,0
30052,11,12,30423,350
30052,11,12,30053,560
30052,11,12,1,840
30421,11,12,31164,0
30421,11,12,30794,560
30421,11,12,30424,840
30421,11,12,1,1050
25970,11,12,26712,0
25970,11,12,26342,560
25970,11,12,25972,770
25970,11,12,1,1050
28568,11,12,28939,0
28568,11,12,28569,560
28568,11,12,1,840
24117,11,12,26337,0
24117,11,12,25967,350
24117,11,12,25597,560
24117,11,12,25227,840
24117,11,12,24857,1120
24117,11,12,24487,1330
24486,11,12,25228,0
24486,11,12,24858,630
24486,11,12,24488,840
24486,11,12,1,1120
28196,11,12,28938,0
28196,11,12,28568,420
28196,11,12,28198,700
28196,11,12,1,910
23002,11,12,24114,0
23002,11,12,23744,350
23002,11,12,23374,560
23002,11,12,23004,840
23002,11,12,1,1050
29308,11,12,30051,0
29308,11,12,29681,560
29308,11,12,29311,770
29308,11,12,1,1050
26712,11,12,27454,0
26712,11,12,27084,560
26712,11,12,26714,770
26712,11,12,1,1050
27081,11,12,28195,0
27081,11,12,27825,560
27081,11,12,27455,840
27081,11,12,27085,1050
27081,11,12,1,1330
24857,11,12,25969,0
24857,11,12,25599,350
24857,11,12,25229,630
24857,11,12,24859,840
24857,11,12,1,1120
25972,11,12,27822,0
25972,11,12,27452,560
25972,11,12,27082,840
25972,11,12,26712,1050
25972,11,12,26342,1330
27452,11,12,28566,0
27452,11,12,28196,490
27452,11,12,27826,700
27452,11,12,27456,980
27452,11,12,1,1260
24488,11,12,26708,0
24488,11,12,26338,350
24488,11,12,25968,560
24488,11,12,25598,840
24488,11,12,25228,1120
24488,11,12,24858,1330
25225,11,12,25970,0
25225,11,12,25600,560
25225,11,12,25230,770
25225,11,12,1,1050
26337,11,12,27083,0
26337,11,12,26713,490
26337,11,12,26343,770
26337,11,12,1,1050
23004,11,12,25224,0
23004,11,12,24854,350
23004,11,12,24484,560
23004,11,12,24114,840
23004,11,12,23744,1120
23004,11,12,23374,1330
29310,11,12,29681,0
29310,11,12,29311,560
29310,11,12,1,770
26714,11,12,28564,0
26714,11,12,28194,560
26714,11,12,27824,770
26714,11,12,27454,1050
26714,11,12,27084,1330
27083,11,12,27825,0
27083,11,12,27455,490
27083,11,12,27085,770
27083,11,12,1,1050
25599,11,12,26341,0
25599,11,12,25971,560
25599,11,12,25601,770
25599,11,12,1,1050
24112,11,12,24857,0
24112,11,12,24487,560
24112,11,12,24117,840
24112,11,12,1,1050
29678,11,12,30792,0
29678,11,12,30422,420
29678,11,12,30052,700
29678,11,12,29682,910
29678,11,12,1,1190
27454,11,12,28196,0
27454,11,12,27826,490
27454,11,12,27456,700
27454,11,12,1,980
27823,11,12,28937,0
27823,11,12,28567,490
27823,11,12,28197,770
27823,11,12,27827,980
27823,11,12,1,1260
25227,11,12,26340,0
25227,11,12,25970,420
25227,11,12,25600,700
25227,11,12,25230,910
25227,11,12,1,1190
26339,11,12,27453,0
26339,11,12,27083,560
26339,11,12,26713,840
26339,11,12,26343,1120
26339,11,12,1,1330
23743,11,12,24856,0
23743,11,12,24486,490
23743,11,12,24116,770
23743,11,12,23746,980
23743,11,12,1,1260
30049,11,12,31163,0
30049,11,12,30793,490
30049,11,12,30423,770
30049,11,12,30053,1050
30049,11,12,1,1260
27085,11,12,28935,0
27085,11,12,28565,560
27085,11,12,28195,770
27085,11,12,27825,1050
27085,11,12,27455,1260
28565,11,12,29679,0
28565,11,12,29309,420
28565,11,12,28939,700
28565,11,12,28569,910
28565,11,12,1,1190
25601,11,12,27451,0
25601,11,12,27081,560
25601,11,12,26711,770
25601,11,12,26341,1050
25601,11,12,25971,1330
24483,11,12,25228,0
24483,11,12,24858,560
24483,11,12,24488,840
24483,11,12,1,1050
29680,11,12,30422,0
29680,11,12,30052,420
29680,11,12,29682,700
29680,11,12,1,910
27825,11,12,28567,0
27825,11,12,28197,490
27825,11,12,27827,700
27825,11,12,1,980
26709,11,12,27454,0
26709,11,12,27084,490
26709,11,12,26714,770
26709,11,12,1,980
26341,11,12,27083,0
26341,11,12,26713,560
26341,11,12,26343,770
26341,11,12,1,1050
23745,11,12,24486,0
23745,11,12,24116,490
23745,11,12,23746,770
23745,11,12,1,980
30051,11,12,30793,0
30051,11,12,30423,420
30051,11,12,30053,700
30051,11,12,1,980
30420,11,12,31534,0
30420,11,12,31164,490
30420,11,12,30794,770
30420,11,12,30424,1050
30420,11,12,1,1260
28567,11,12,29309,0
28567,11,12,28939,420
28567,11,12,28569,630
28567,11,12,1,910
28936,11,12,30050,0
28936,11,12,29680,420
28936,11,12,29310,630
28936,11,12,28940,910
28936,11,12,1,1190
24485,11,12,25598,0
24485,11,12,25228,490
24485,11,12,24858,770
24485,11,12,24488,980
24485,11,12,1,1260
29682,11,12,31532,0
29682,11,12,31162,420
29682,11,12,30792,700
29682,11,12,30422,980
29682,11,12,30052,1190
29682,11,12,29682,1470
27827,11,12,29677,0
27827,11,12,29307,490
27827,11,12,28937,770
27827,11,12,28567,980
27827,11,12,28197,1260
27827,11,12,27827,1470
28198,11,12,30048,0
28198,11,12,29678,490
28198,11,12,29308,700
28198,11,12,28938,980
28198,11,12,28568,1190
28198,11,12,28198,1470
29307,11,12,30421,0
29307,11,12,30051,420
29307,11,12,29681,630
29307,11,12,29311,910
29307,11,12,1,1190
26343,11,12,28193,0
26343,11,12,27823,560
26343,11,12,27453,840
26343,11,12,27083,1050
26343,11,12,26713,1330
27080,11,12,27825,0
27080,11,12,27455,490
27080,11,12,27085,770
27080,11,12,1,980
30422,11,12,31164,0
30422,11,12,30794,420
30422,11,12,30424,700
30422,11,12,1,980
24859,11,12,27079,0
24859,11,12,26709,350
24859,11,12,26339,560
24859,11,12,25969,840
24859,11,12,25599,1120
24859,11,12,25229,1330
25596,11,12,26341,0
25596,11,12,25971,490
25596,11,12,25601,770
25596,11,12,1,1050
28569,11,12,30419,0
28569,11,12,30049,420
28569,11,12,29679,700
28569,11,12,29309,910
28569,11,12,28939,1190
28569,11,12,28569,1470
22632,11,12,23373,0
22632,11,12,23003,490
22632,11,12,22633,700
22632,11,12,1,980
28938,11,12,29680,0
28938,11,12,29310,420
28938,11,12,28940,630
28938,11,12,1,910
23003,11,12,23744,0
23003,11,12,23374,490
23003,11,12,23004,700
23003,11,12,1,980
29309,11,12,30051,0
29309,11,12,29681,420
29309,11,12,29311,630
29309,11,12,1,910
23372,11,12,24485,0
23372,11,12,24115,420
23372,11,12,23745,700
23372,11,12,23375,980
23372,11,12,1,1190
27082,11,12,28195,0
27082,11,12,27825,420
27082,11,12,27455,630
27082,11,12,27085,910
27082,11,12,1,1190
25598,11,12,26711,0
25598,11,12,26341,420
25598,11,12,25971,700
25598,11,12,25601,910
25598,11,12,1,1190
25967,11,12,26712,0
25967,11,12,26342,490
25967,11,12,25972,770
25967,11,12,1,1050
28940,11,12,30790,0
28940,11,12,30420,420
28940,11,12,30050,700
28940,11,12,29680,910
28940,11,12,29310,1190
28940,11,12,28940,1400
29677,11,12,30422,0
29677,11,12,30052,420
29677,11,12,29682,630
29677,11,12,1,910
27822,11,12,28567,0
27822,11,12,28197,490
27822,11,12,27827,700
27822,11,12,1,980
24114,11,12,25227,0
24114,11,12,24857,490
24114,11,12,24487,770
24114,11,12,24117,980
24114,11,12,1,1260
27456,11,12,29306,0
27456,11,12,28936,490
27456,11,12,28566,770
27456,11,12,28196,980
27456,11,12,27826,1260
27456,11,12,27456,1470
28193,11,12,28938,0
28193,11,12,28568,490
28193,11,12,28198,700
28193,11,12,1,980
25229,11,12,25970,0
25229,11,12,25600,420
25229,11,12,25230,700
25229,11,12,1,910
26338,11,12,27083,0
26338,11,12,26713,490
26338,11,12,26343,770
26338,11,12,1,1050
29311,11,12,31161,0
29311,11,12,30791,420
29311,11,12,30421,700
29311,11,12,30051,910
29311,11,12,29681,1190
29311,11,12,29311,1400
23374,11,12,24115,0
23374,11,12,23745,490
23374,11,12,23375,700
23374,11,12,1,980
23742,11,12,25226,0
23742,11,12,24856,350
23742,11,12,24486,560
23742,11,12,24116,840
23742,11,12,23746,1120
23742,11,12,1,1330
27084,11,12,27825,0
27084,11,12,27455,420
27084,11,12,27085,700
27084,11,12,1,910
24854,11,12,25599,0
24854,11,12,25229,560
24854,11,12,24859,840
24854,11,12,1,1050
28564,11,12,29309,0
28564,11,12,28939,350
28564,11,12,28569,630
28564,11,12,1,910
25600,11,12,26341,0
25600,11,12,25971,420
25600,11,12,25601,700
25600,11,12,1,910
25969,11,12,27082,0
25969,11,12,26712,420
25969,11,12,26342,700
25969,11,12,25972,910
25969,11,12,1,1190
29679,11,12,30422,0
29679,11,12,30052,560
29679,11,12,29682,840
29679,11,12,1,1050
24116,11,12,24857,0
24116,11,12,24487,490
24116,11,12,24117,770
24116,11,12,1,1050
28195,11,12,28938,0
28195,11,12,28568,560
28195,11,12,28198,840
28195,11,12,1,1050
26340,11,12,27453,0
26340,11,12,27083,420
26340,11,12,26713,700
26340,11,12,26343,910
26340,11,12,1,1190
30419,11,12,31164,0
30419,11,12,30794,420
30419,11,12,30424,630
30419,11,12,1,910
26711,11,12,27824,0
26711,11,12,27454,420
26711,11,12,27084,700
26711,11,12,26714,910
26711,11,12,1,1190
24856,11,12,25969,0
24856,11,12,25599,490
24856,11,12,25229,770
24856,11,12,24859,980
24856,11,12,1,1260
28566,11,12,29309,0
28566,11,12,28939,560
28566,11,12,28569,770
28566,11,12,1,1050
28935,11,12,29680,0
28935,11,12,29310,350
28935,11,12,28940,630
28935,11,12,1,840
25971,11,12,26712,0
25971,11,12,26342,420
25971,11,12,25972,700
25971,11,12,1,910
29681,11,12,30052,0
29681,11,12,29682,560
29681,11,12,1,840
27451,11,12,28196,0
27451,11,12,27826,420
27451,11,12,27456,700
27451,11,12,1,980
24487,11,12,25228,0
24487,11,12,24858,490
24487,11,12,24488,770
24487,11,12,1,980
25224,11,12,25970,0
25224,11,12,25600,490
25224,11,12,25230,770
25224,11,12,1,980
28197,11,12,28568,0
28197,11,12,28198,560
28197,11,12,1,840
26342,11,12,27083,0
26342,11,12,26713,420
26342,11,12,26343,700
26342,11,12,1,910
26713,11,12,27454,0
26713,11,12,27084,420
26713,11,12,26714,700
26713,11,12,1,910
24858,11,12,25599,0
24858,11,12,25229,490
24858,11,12,24859,770
24858,11,12,1,980
25595,11,12,26341,0
25595,11,12,25971,490
25595,11,12,25601,770
25595,11,12,1,980
28937,11,12,29680,0
28937,11,12,29310,560
28937,11,12,28940,770
28937,11,12,1,1050
27453,11,12,28566,0
27453,11,12,28196,350
27453,11,12,27826,630
27453,11,12,27456,840
27453,11,12,1,1120
25226,11,12,26340,0
25226,11,12,25970,560
25226,11,12,25600,840
25226,11,12,25230,1050
25226,11,12,1,1330
1,12,13,1,0
30048,12,13,30793,0
30048,12,13,30423,420
30048,12,13,30053,630
30048,12,13,1,910
25597,12,13,26711,0
25597,12,13,26341,560
25597,12,13,25971,770
25597,12,13,25601,1050
25597,12,13,1,1330
25966,12,13,26712,0
25966,12,13,26342,490
25966,12,13,25972,770
25966,12,13,1,1050
22633,12,13,24853,0
22633,12,13,24483,350
22633,12,13,24113,630
22633,12,13,23743,840
22633,12,13,23373,1120
22633,12,13,23003,1330
28939,12,13,29310,0
28939,12,13,28940,560
28939,12,13,1,770
24113,12,13,25227,0
24113,12,13,24857,560
24113,12,13,24487,840
24113,12,13,24117,1120
24113,12,13,1,1330
27455,12,13,28196,0
27455,12,13,27826,350
27455,12,13,27456,630
27455,12,13,1,840
27824,12,13,28937,0
27824,12,13,28567,350
27824,12,13,28197,630
27824,12,13,27827,840
27824,12,13,1,1120
25228,12,13,25970,0
25228,12,13,25600,560
25228,12,13,25230,770
25228,12,13,1,1050
31534,12,13,32647,0
31534,12,13,32277,420
31534,12,13,31907,630
31534,12,13,31537,910
31534,12,13,1,1120
23373,12,13,24485,0
23373,12,13,24115,350
23373,12,13,23745,560
23373,12,13,23375,840
23373,12,13,1,1050
26708,12,13,27454,0
26708,12,13,27084,490
26708,12,13,26714,770
26708,12,13,1,980
23744,12,13,24856,0
23744,12,13,24486,350
23744,12,13,24116,630
23744,12,13,23746,840
23744,12,13,1,1120
24853,12,13,25969,0
24853,12,13,25599,280
24853,12,13,25229,560
24853,12,13,24859,770
24853,12,13,1,1050
30050,12,13,30793,0
30050,12,13,30423,560
30050,12,13,30053,840
30050,12,13,1,1050
25968,12,13,27082,0
25968,12,13,26712,560
25968,12,13,26342,840
25968,12,13,25972,1120
25968,12,13,1,1330
24115,12,13,24857,0
24115,12,13,24487,630
24115,12,13,24117,840
24115,12,13,1,1120
24484,12,13,25968,0
24484,12,13,25598,280
24484,12,13,25228,560
24484,12,13,24858,840
24484,12,13,24488,1050
24484,12,13,1,1330
30790,12,13,31535,0
30790,12,13,31165,490
30790,12,13,30795,770
30790,12,13,1,980
28194,12,13,29308,0
28194,12,13,28938,420
28194,12,13,28568,700
28194,12,13,28198,910
28194,12,13,1,1190
27826,12,13,28567,0
27826,12,13,28197,350
27826,12,13,27827,630
27826,12,13,1,910
25230,12,13,27080,0
25230,12,13,26710,560
25230,12,13,26340,770
25230,12,13,25970,1050
25230,12,13,25600,1330
23375,12,13,25595,0
23375,12,13,25225,350
23375,12,13,24855,560
23375,12,13,24485,840
23375,12,13,24115,1120
23375,12,13,23745,1330
29306,12,13,30051,0
29306,12,13,29681,350
29306,12,13,29311,630
29306,12,13,1,840
26710,12,13,27824,0
26710,12,13,27454,560
26710,12,13,27084,840
26710,12,13,26714,1050
26710,12,13,1,1330
27079,12,13,27825,0
27079,12,13,27455,490
27079,12,13,27085,770
27079,12,13,1,980
23746,12,13,25966,0
23746,12,13,25596,350
23746,12,13,25226,560
23746,12,13,24856,840
23746,12,13,24486,1120
23746,12,13,24116,1330
24855,12,13,26339,0
24855,12,13,25969,350
24855,12,13,25599,560
24855,12,13,25229,840
24855,12,13,24859,1120
24855,12,13,1,1330
30052,12,13,30793,0
30052,12,13,30423,350
30052,12,13,30053,560
30052,12,13,1,840
30421,12,13,31164,0
30421,12,13,30794,560
30421,12,13,30424,840
30421,12,13,1,1050
31161,12,13,31906,0
31161,12,13,31536,560
31161,12,13,31166,770
31161,12,13,1,1050
25970,12,13,26712,0
25970,12,13,26342,560
25970,12,13,25972,770
25970,12,13,1,1050
28568,12,13,28939,0
28568,12,13,28569,560
28568,12,13,1,840
24117,12,13,26337,0
24117,12,13,25967,350
24117,12,13,25597,560
24117,12,13,25227,840
24117,12,13,24857,1120
24117,12,13,24487,1330
24486,12,13,25228,0
24486,12,13,24858,630
24486,12,13,24488,840
24486,12,13,1,1120
30792,12,13,31905,0
30792,12,13,31535,350
30792,12,13,31165,630
30792,12,13,30795,840
30792,12,13,1,1120
28196,12,13,28938,0
28196,12,13,28568,420
28196,12,13,28198,700
28196,12,13,1,910
29308,12,13,30051,0
29308,12,13,29681,560
29308,12,13,29311,770
29308,12,13,1,1050
26712,12,13,27454,0
26712,12,13,27084,560
26712,12,13,26714,770
26712,12,13,1,1050
27081,12,13,28195,0
27081,12,13,27825,560
27081,12,13,27455,840
27081,12,13,27085,1050
27081,12,13,1,1330
24857,12,13,25969,0
24857,12,13,25599,350
24857,12,13,25229,630
24857,12,13,24859,840
24857,12,13,1,1120
30423,12,13,31164,0
30423,12,13,30794,350
30423,12,13,30424,560
30423,12,13,1,840
25972,12,13,27822,0
25972,12,13,27452,560
25972,12,13,27082,840
25972,12,13,26712,1050
25972,12,13,26342,1330
27452,12,13,28566,0
27452,12,13,28196,490
27452,12,13,27826,700
27452,12,13,27456,980
27452,12,13,1,1260
24488,12,13,26708,0
24488,12,13,26338,350
24488,12,13,25968,560
24488,12,13,25598,840
24488,12,13,25228,1120
24488,12,13,24858,1330
25225,12,13,25970,0
25225,12,13,25600,560
25225,12,13,25230,770
25225,12,13,1,1050
30794,12,13,31535,0
30794,12,13,31165,350
30794,12,13,30795,630
30794,12,13,1,840
26337,12,13,27083,0
26337,12,13,26713,490
26337,12,13,26343,770
26337,12,13,1,1050
23004,12,13,25224,0
23004,12,13,24854,350
23004,12,13,24484,560
23004,12,13,24114,840
23004,12,13,23744,1120
23004,12,13,23374,1330
29310,12,13,29681,0
29310,12,13,29311,560
29310,12,13,1,770
26714,12,13,28564,0
26714,12,13,28194,560
26714,12,13,27824,770
26714,12,13,27454,1050
26714,12,13,27084,1330
27083,12,13,27825,0
27083,12,13,27455,490
27083,12,13,27085,770
27083,12,13,1,1050
25599,12,13,26341,0
25599,12,13,25971,560
25599,12,13,25601,770
25599,12,13,1,1050
29678,12,13,30792,0
29678,12,13,30422,420
29678,12,13,30052,700
29678,12,13,29682,910
29678,12,13,1,1190
27454,12,13,28196,0
27454,12,13,27826,490
27454,12,13,27456,700
27454,12,13,1,980
27823,12,13,28937,0
27823,12,13,28567,490
27823,12,13,28197,770
27823,12,13,27827,980
27823,12,13,1,1260
25227,12,13,26340,0
25227,12,13,25970,420
25227,12,13,25600,700
25227,12,13,25230,910
25227,12,13,1,1190
26339,12,13,27453,0
26339,12,13,27083,560
26339,12,13,26713,840
26339,12,13,26343,1120
26339,12,13,1,1330
23743,12,13,24856,0
23743,12,13,24486,490
23743,12,13,24116,770
23743,12,13,23746,980
23743,12,13,1,1260
30049,12,13,31163,0
30049,12,13,30793,490
30049,12,13,30423,770
30049,12,13,30053,1050
30049,12,13,1,1260
27085,12,13,28935,0
27085,12,13,28565,560
27085,12,13,28195,770
27085,12,13,27825,1050
27085,12,13,27455,1260
28565,12,13,29679,0
28565,12,13,29309,420
28565,12,13,28939,700
28565,12,13,28569,910
28565,12,13,1,1190
25601,12,13,27451,0
25601,12,13,27081,560
25601,12,13,26711,770
25601,12,13,26341,1050
25601,12,13,25971,1330
24483,12,13,25228,0
24483,12,13,24858,560
24483,12,13,24488,840
24483,12,13,1,1050
29680,12,13,30422,0
29680,12,13,30052,420
29680,12,13,29682,700
29680,12,13,1,910
27825,12,13,28567,0
27825,12,13,28197,490
27825,12,13,27827,700
27825,12,13,1,980
26709,12,13,27454,0
26709,12,13,27084,490
26709,12,13,26714,770
26709,12,13,1,980
26341,12,13,27083,0
26341,12,13,26713,560
26341,12,13,26343,770
26341,12,13,1,1050
23745,12,13,24486,0
23745,12,13,24116,490
23745,12,13,23746,770
23745,12,13,1,980
30051,12,13,30793,0
30051,12,13,30423,420
30051,12,13,30053,700
30051,12,13,1,980
30420,12,13,31534,0
30420,12,13,31164,490
30420,12,13,30794,770
30420,12,13,30424,1050
30420,12,13,1,1260
31163,12,13,32276,0
31163,12,13,31906,420
31163,12,13,31536,630
31163,12,13,31166,910
31163,12,13,1,1190
28567,12,13,29309,0
28567,12,13,28939,420
28567,12,13,28569,630
28567,12,13,1,910
28936,12,13,30050,0
28936,12,13,29680,420
28936,12,13,29310,630
28936,12,13,28940,910
28936,12,13,1,1190
24485,12,13,25598,0
24485,12,13,25228,490
24485,12,13,24858,770
24485,12,13,24488,980
24485,12,13,1,1260
29682,12,13,31532,0
29682,12,13,31162,420
29682,12,13,30792,700
29682,12,13,30422,980
29682,12,13,30052,1190
29682,12,13,29682,1470
27827,12,13,29677,0
27827,12,13,29307,490
27827,12,13,28937,770
27827,12,13,28567,980
27827,12,13,28197,1260
27827,12,13,27827,1470
28198,12,13,30048,0
28198,12,13,29678,490
28198,12,13,29308,700
28198,12,13,28938,980
28198,12,13,28568,1190
28198,12,13,28198,1470
29307,12,13,30421,0
29307,12,13,30051,420
29307,12,13,29681,630
29307,12,13,29311,910
29307,12,13,1,1190
26343,12,13,28193,0
26343,12,13,27823,560
26343,12,13,27453,840
26343,12,13,27083,1050
26343,12,13,26713,1330
27080,12,13,27825,0
27080,12,13,27455,490
27080,12,13,27085,770
27080,12,13,1,980
30422,12,13,31164,0
30422,12,13,30794,420
30422,12,13,30424,700
30422,12,13,1,980
24859,12,13,27079,0
24859,12,13,26709,350
24859,12,13,26339,560
24859,12,13,25969,840
24859,12,13,25599,1120
24859,12,13,25229,1330
31165,12,13,31906,0
31165,12,13,31536,420
31165,12,13,31166,700
31165,12,13,1,910
25596,12,13,26341,0
25596,12,13,25971,490
25596,12,13,25601,770
25596,12,13,1,1050
28569,12,13,30419,0
28569,12,13,30049,420
28569,12,13,29679,700
28569,12,13,29309,910
28569,12,13,28939,1190
28569,12,13,28569,1470
28938,12,13,29680,0
28938,12,13,29310,420
28938,12,13,28940,630
28938,12,13,1,910
23003,12,13,23744,0
23003,12,13,23374,490
23003,12,13,23004,700
23003,12,13,1,980
29309,12,13,30051,0
29309,12,13,29681,420
29309,12,13,29311,630
29309,12,13,1,910
27082,12,13,28195,0
27082,12,13,27825,420
27082,12,13,27455,630
27082,12,13,27085,910
27082,12,13,1,1190
30424,12,13,32274,0
30424,12,13,31904,490
30424,12,13,31534,700
30424,12,13,31164,980
30424,12,13,30794,1190
30424,12,13,30424,1470
25598,12,13,26711,0
25598,12,13,26341,420
25598,12,13,25971,700
25598,12,13,25601,910
25598,12,13,1,1190
25967,12,13,26712,0
25967,12,13,26342,490
25967,12,13,25972,770
25967,12,13,1,1050
28940,12,13,30790,0
28940,12,13,30420,420
28940,12,13,30050,700
28940,12,13,29680,910
28940,12,13,29310,1190
28940,12,13,28940,1400
29677,12,13,30422,0
29677,12,13,30052,420
29677,12,13,29682,630
29677,12,13,1,910
27822,12,13,28567,0
27822,12,13,28197,490
27822,12,13,27827,700
27822,12,13,1,980
24114,12,13,25227,0
24114,12,13,24857,490
24114,12,13,24487,770
24114,12,13,24117,980
24114,12,13,1,1260
27456,12,13,29306,0
27456,12,13,28936,490
27456,12,13,28566,770
27456,12,13,28196,980
27456,12,13,27826,1260
27456,12,13,27456,1470
28193,12,13,28938,0
28193,12,13,28568,490
28193,12,13,28198,700
28193,12,13,1,980
25229,12,13,25970,0
25229,12,13,25600,420
25229,12,13,25230,700
25229,12,13,1,910
31535,12,13,32277,0
31535,12,13,31907,490
31535,12,13,31537,770
31535,12,13,1,980
26338,12,13,27083,0
26338,12,13,26713,490
26338,12,13,26343,770
26338,12,13,1,1050
29311,12,13,31161,0
29311,12,13,30791,420
29311,12,13,30421,700
29311,12,13,30051,910
29311,12,13,29681,1190
29311,12,13,29311,1400
23374,12,13,24115,0
23374,12,13,23745,490
23374,12,13,23375,700
23374,12,13,1,980
27084,12,13,27825,0
27084,12,13,27455,420
27084,12,13,27085,700
27084,12,13,1,910
24854,12,13,25599,0
24854,12,13,25229,560
24854,12,13,24859,840
24854,12,13,1,1050
28564,12,13,29309,0
28564,12,13,28939,350
28564,12,13,28569,630
28564,12,13,1,910
25600,12,13,26341,0
25600,12,13,25971,420
25600,12,13,25601,700
25600,12,13,1,910
25969,12,13,27082,0
25969,12,13,26712,420
25969,12,13,26342,700
25969,12,13,25972,910
25969,12,13,1,1190
29679,12,13,30422,0
29679,12,13,30052,560
29679,12,13,29682,840
29679,12,13,1,1050
24116,12,13,24857,0
24116,12,13,24487,490
24116,12,13,24117,770
24116,12,13,1,1050
30791,12,13,31905,0
30791,12,13,31535,560
30791,12,13,31165,840
30791,12,13,30795,1050
30791,12,13,1,1330
28195,12,13,28938,0
28195,12,13,28568,560
28195,12,13,28198,840
28195,12,13,1,1050
26340,12,13,27453,0
26340,12,13,27083,420
26340,12,13,26713,700
26340,12,13,26343,910
26340,12,13,1,1190
30419,12,13,31164,0
30419,12,13,30794,420
30419,12,13,30424,630
30419,12,13,1,910
26711,12,13,27824,0
26711,12,13,27454,420
26711,12,13,27084,700
26711,12,13,26714,910
26711,12,13,1,1190
30053,12,13,31903,0
30053,12,13,31533,490
30053,12,13,31163,700
30053,12,13,30793,980
30053,12,13,30423,1190
30053,12,13,30053,1470
24856,12,13,25969,0
24856,12,13,25599,490
24856,12,13,25229,770
24856,12,13,24859,980
24856,12,13,1,1260
31162,12,13,32276,0
31162,12,13,31906,560
31162,12,13,31536,770
31162,12,13,31166,1050
31162,12,13,1,1260
28566,12,13,29309,0
28566,12,13,28939,560
28566,12,13,28569,770
28566,12,13,1,1050
28935,12,13,29680,0
28935,12,13,29310,350
28935,12,13,28940,630
28935,12,13,1,840
25971,12,13,26712,0
25971,12,13,26342,420
25971,12,13,25972,700
25971,12,13,1,910
29681,12,13,30052,0
29681,12,13,29682,560
29681,12,13,1,840
27451,12,13,28196,0
27451,12,13,27826,420
27451,12,13,27456,700
27451,12,13,1,980
24487,12,13,25228,0
24487,12,13,24858,490
24487,12,13,24488,770
24487,12,13,1,980
30793,12,13,31535,0
30793,12,13,31165,490
30793,12,13,30795,700
30793,12,13,1,980
25224,12,13,25970,0
25224,12,13,25600,490
25224,12,13,25230,770
25224,12,13,1,980
28197,12,13,28568,0
28197,12,13,28198,560
28197,12,13,1,840
26342,12,13,27083,0
26342,12,13,26713,420
26342,12,13,26343,700
26342,12,13,1,910
26713,12,13,27454,0
26713,12,13,27084,420
26713,12,13,26714,700
26713,12,13,1,910
24858,12,13,25599,0
24858,12,13,25229,490
24858,12,13,24859,770
24858,12,13,1,980
25595,12,13,26341,0
25595,12,13,25971,490
25595,12,13,25601,770
25595,12,13,1,980
31164,12,13,31906,0
31164,12,13,31536,560
31164,12,13,31166,770
31164,12,13,1,1050
28937,12,13,29680,0
28937,12,13,29310,560
28937,12,13,28940,770
28937,12,13,1,1050
27453,12,13,28566,0
27453,12,13,28196,350
27453,12,13,27826,630
27453,12,13,27456,840
27453,12,13,1,1120
30795,12,13,32645,0
30795,12,13,32275,490
30795,12,13,31905,770
30795,12,13,31535,980
30795,12,13,31165,1260
25226,12,13,26340,0
25226,12,13,25970,560
25226,12,13,25600,840
25226,12,13,25230,1050
25226,12,13,1,1330
31532,12,13,32277,0
31532,12,13,31907,490
31532,12,13,31537,770
31532,12,13,1,1050
1,13,14,1,0
30048,13,14,30793,0
30048,13,14,30423,420
30048,13,14,30053,630
30048,13,14,1,910
31166,13,14,33016,0
31166,13,14,32646,560
31166,13,14,32276,840
31166,13,14,31906,1050
31166,13,14,31536,1330
25597,13,14,26711,0
25597,13,14,26341,560
25597,13,14,25971,770
25597,13,14,25601,1050
25597,13,14,1,1330
25966,13,14,26712,0
25966,13,14,26342,490
25966,13,14,25972,770
25966,13,14,1,1050
28939,13,14,29310,0
28939,13,14,28940,560
28939,13,14,1,770
24113,13,14,25227,0
24113,13,14,24857,560
24113,13,14,24487,840
24113,13,14,24117,1120
24113,13,14,1,1330
27455,13,14,28196,0
27455,13,14,27826,350
27455,13,14,27456,630
27455,13,14,1,840
27824,13,14,28937,0
27824,13,14,28567,350
27824,13,14,28197,630
27824,13,14,27827,840
27824,13,14,1,1120
25228,13,14,25970,0
25228,13,14,25600,560
25228,13,14,25230,770
25228,13,14,1,1050
31534,13,14,32647,0
31534,13,14,32277,420
31534,13,14,31907,630
31534,13,14,31537,910
31534,13,14,1,1120
23373,13,14,24485,0
23373,13,14,24115,350
23373,13,14,23745,560
23373,13,14,23375,840
23373,13,14,1,1050
26708,13,14,27454,0
26708,13,14,27084,490
26708,13,14,26714,770
26708,13,14,1,980
23744,13,14,24856,0
23744,13,14,24486,350
23744,13,14,24116,630
23744,13,14,23746,840
23744,13,14,1,1120
24853,13,14,25969,0
24853,13,14,25599,280
24853,13,14,25229,560
24853,13,14,24859,770
24853,13,14,1,1050
30050,13,14,30793,0
30050,13,14,30423,560
30050,13,14,30053,840
30050,13,14,1,1050
25968,13,14,27082,0
25968,13,14,26712,560
25968,13,14,26342,840
25968,13,14,25972,1120
25968,13,14,1,1330
32274,13,14,33019,0
32274,13,14,32649,560
32274,13,14,32279,770
32274,13,14,1,1050
24115,13,14,24857,0
24115,13,14,24487,630
24115,13,14,24117,840
24115,13,14,1,1120
24484,13,14,25968,0
24484,13,14,25598,280
24484,13,14,25228,560
24484,13,14,24858,840
24484,13,14,24488,1050
24484,13,14,1,1330
30790,13,14,31535,0
30790,13,14,31165,490
30790,13,14,30795,770
30790,13,14,1,980
28194,13,14,29308,0
28194,13,14,28938,420
28194,13,14,28568,700
28194,13,14,28198,910
28194,13,14,1,1190
27826,13,14,28567,0
27826,13,14,28197,350
27826,13,14,27827,630
27826,13,14,1,910
25230,13,14,27080,0
25230,13,14,26710,560
25230,13,14,26340,770
25230,13,14,25970,1050
25230,13,14,25600,1330
31536,13,14,32277,0
31536,13,14,31907,420
31536,13,14,31537,630
31536,13,14,1,910
23375,13,14,25595,0
23375,13,14,25225,350
23375,13,14,24855,560
23375,13,14,24485,840
23375,13,14,24115,1120
23375,13,14,23745,1330
29306,13,14,30051,0
29306,13,14,29681,350
29306,13,14,29311,630
29306,13,14,1,840
26710,13,14,27824,0
26710,13,14,27454,560
26710,13,14,27084,840
26710,13,14,26714,1050
26710,13,14,1,1330
27079,13,14,27825,0
27079,13,14,27455,490
27079,13,14,27085,770
27079,13,14,1,980
23746,13,14,25966,0
23746,13,14,25596,350
23746,13,14,25226,560
23746,13,14,24856,840
23746,13,14,24486,1120
23746,13,14,24116,1330
24855,13,14,26339,0
24855,13,14,25969,350
24855,13,14,25599,560
24855,13,14,25229,840
24855,13,14,24859,1120
24855,13,14,1,1330
30052,13,14,30793,0
30052,13,14,30423,350
30052,13,14,30053,560
30052,13,14,1,840
30421,13,14,31164,0
30421,13,14,30794,560
30421,13,14,30424,840
30421,13,14,1,1050
31161,13,14,31906,0
31161,13,14,31536,560
31161,13,14,31166,770
31161,13,14,1,1050
25970,13,14,26712,0
25970,13,14,26342,560
25970,13,14,25972,770
25970,13,14,1,1050
32276,13,14,33389,0
32276,13,14,33019,420
32276,13,14,32649,630
32276,13,14,32279,910
32276,13,14,1,1120
28568,13,14,28939,0
28568,13,14,28569,560
28568,13,14,1,840
24117,13,14,26337,0
24117,13,14,25967,350
24117,13,14,25597,560
24117,13,14,25227,840
24117,13,14,24857,1120
24117,13,14,24487,1330
24486,13,14,25228,0
24486,13,14,24858,630
24486,13,14,24488,840
24486,13,14,1,1120
30792,13,14,31905,0
30792,13,14,31535,350
30792,13,14,31165,630
30792,13,14,30795,840
30792,13,14,1,1120
28196,13,14,28938,0
28196,13,14,28568,420
28196,13,14,28198,700
28196,13,14,1,910
29308,13,14,30051,0
29308,13,14,29681,560
29308,13,14,29311,770
29308,13,14,1,1050
26712,13,14,27454,0
26712,13,14,27084,560
26712,13,14,26714,770
26712,13,14,1,1050
27081,13,14,28195,0
27081,13,14,27825,560
27081,13,14,27455,840
27081,13,14,27085,1050
27081,13,14,1,1330
24857,13,14,25969,0
24857,13,14,25599,350
24857,13,14,25229,630
24857,13,14,24859,840
24857,13,14,1,1120
30423,13,14,31164,0
30423,13,14,30794,350
30423,13,14,30424,560
30423,13,14,1,840
25972,13,14,27822,0
25972,13,14,27452,560
25972,13,14,27082,840
25972,13,14,26712,1050
25972,13,14,26342,1330
31903,13,14,32648,0
31903,13,14,32278,490
31903,13,14,31908,770
31903,13,14,1,980
27452,13,14,28566,0
27452,13,14,28196,490
27452,13,14,27826,700
27452,13,14,27456,980
27452,13,14,1,1260
24488,13,14,26708,0
24488,13,14,26338,350
24488,13,14,25968,560
24488,13,14,25598,840
24488,13,14,25228,1120
24488,13,14,24858,1330
25225,13,14,25970,0
25225,13,14,25600,560
25225,13,14,25230,770
25225,13,14,1,1050
30794,13,14,31535,0
30794,13,14,31165,350
30794,13,14,30795,630
30794,13,14,1,840
26337,13,14,27083,0
26337,13,14,26713,490
26337,13,14,26343,770
26337,13,14,1,1050
23004,13,14,25224,0
23004,13,14,24854,350
23004,13,14,24484,560
23004,13,14,24114,840
23004,13,14,23744,1120
23004,13,14,23374,1330
29310,13,14,29681,0
29310,13,14,29311,560
29310,13,14,1,770
26714,13,14,28564,0
26714,13,14,28194,560
26714,13,14,27824,770
26714,13,14,27454,1050
26714,13,14,27084,1330
27083,13,14,27825,0
27083,13,14,27455,490
27083,13,14,27085,770
27083,13,14,1,1050
25599,13,14,26341,0
25599,13,14,25971,560
25599,13,14,25601,770
25599,13,14,1,1050
31905,13,14,33018,0
31905,13,14,32648,350
31905,13,14,32278,630
31905,13,14,31908,910
31905,13,14,1,1120
29678,13,14,30792,0
29678,13,14,30422,420
29678,13,14,30052,700
29678,13,14,29682,910
29678,13,14,1,1190
27454,13,14,28196,0
27454,13,14,27826,490
27454,13,14,27456,700
27454,13,14,1,980
27823,13,14,28937,0
27823,13,14,28567,490
27823,13,14,28197,770
27823,13,14,27827,980
27823,13,14,1,1260
25227,13,14,26340,0
25227,13,14,25970,420
25227,13,14,25600,700
25227,13,14,25230,910
25227,13,14,1,1190
26339,13,14,27453,0
26339,13,14,27083,560
26339,13,14,26713,840
26339,13,14,26343,1120
26339,13,14,1,1330
32645,13,14,33390,0
32645,13,14,33020,560
32645,13,14,32650,770
32645,13,14,1,1050
23743,13,14,24856,0
23743,13,14,24486,490
23743,13,14,24116,770
23743,13,14,23746,980
23743,13,14,1,1260
30049,13,14,31163,0
30049,13,14,30793,490
30049,13,14,30423,770
30049,13,14,30053,1050
30049,13,14,1,1260
27085,13,14,28935,0
27085,13,14,28565,560
27085,13,14,28195,770
27085,13,14,27825,1050
27085,13,14,27455,1260
28565,13,14,29679,0
28565,13,14,29309,420
28565,13,14,28939,700
28565,13,14,28569,910
28565,13,14,1,1190
25601,13,14,27451,0
25601,13,14,27081,560
25601,13,14,26711,770
25601,13,14,26341,1050
25601,13,14,25971,1330
31907,13,14,32648,0
31907,13,14,32278,420
31907,13,14,31908,630
31907,13,14,1,910
24483,13,14,25228,0
24483,13,14,24858,560
24483,13,14,24488,840
24483,13,14,1,1050
29680,13,14,30422,0
29680,13,14,30052,420
29680,13,14,29682,700
29680,13,14,1,910
27825,13,14,28567,0
27825,13,14,28197,490
27825,13,14,27827,700
27825,13,14,1,980
26709,13,14,27454,0
26709,13,14,27084,490
26709,13,14,26714,770
26709,13,14,1,980
26341,13,14,27083,0
26341,13,14,26713,560
26341,13,14,26343,770
26341,13,14,1,1050
32647,13,14,33760,0
32647,13,14,33390,420
32647,13,14,33020,630
32647,13,14,32650,910
32647,13,14,1,1120
23745,13,14,24486,0
23745,13,14,24116,490
23745,13,14,23746,770
23745,13,14,1,980
30051,13,14,30793,0
30051,13,14,30423,420
30051,13,14,30053,700
30051,13,14,1,980
30420,13,14,31534,0
30420,13,14,31164,490
30420,13,14,30794,770
30420,13,14,30424,1050
30420,13,14,1,1260
31163,13,14,32276,0
31163,13,14,31906,420
31163,13,14,31536,630
31163,13,14,31166,910
31163,13,14,1,1190
28567,13,14,29309,0
28567,13,14,28939,420
28567,13,14,28569,630
28567,13,14,1,910
28936,13,14,30050,0
28936,13,14,29680,420
28936,13,14,29310,630
28936,13,14,28940,910
28936,13,14,1,1190
24485,13,14,25598,0
24485,13,14,25228,490
24485,13,14,24858,770
24485,13,14,24488,980
24485,13,14,1,1260
29682,13,14,31532,0
29682,13,14,31162,420
29682,13,14,30792,700
29682,13,14,30422,980
29682,13,14,30052,1190
29682,13,14,29682,1470
27827,13,14,29677,0
27827,13,14,29307,490
27827,13,14,28937,770
27827,13,14,28567,980
27827,13,14,28197,1260
27827,13,14,27827,1470
28198,13,14,30048,0
28198,13,14,29678,490
28198,13,14,29308,700
28198,13,14,28938,980
28198,13,14,28568,1190
28198,13,14,28198,1470
29307,13,14,30421,0
29307,13,14,30051,420
29307,13,14,29681,630
29307,13,14,29311,910
29307,13,14,1,1190
26343,13,14,28193,0
26343,13,14,27823,560
26343,13,14,27453,840
26343,13,14,27083,1050
26343,13,14,26713,1330
27080,13,14,27825,0
27080,13,14,27455,490
27080,13,14,27085,770
27080,13,14,1,980
30422,13,14,31164,0
30422,13,14,30794,420
30422,13,14,30424,700
30422,13,14,1,980
24859,13,14,27079,0
24859,13,14,26709,350
24859,13,14,26339,560
24859,13,14,25969,840
24859,13,14,25599,1120
24859,13,14,25229,1330
31165,13,14,31906,0
31165,13,14,31536,420
31165,13,14,31166,700
31165,13,14,1,910
25596,13,14,26341,0
25596,13,14,25971,490
25596,13,14,25601,770
25596,13,14,1,1050
28569,13,14,30419,0
28569,13,14,30049,420
28569,13,14,29679,700
28569,13,14,29309,910
28569,13,14,28939,1190
28569,13,14,28569,1470
28938,13,14,29680,0
28938,13,14,29310,420
28938,13,14,28940,630
28938,13,14,1,910
31533,13,14,32647,0
31533,13,14,32277,490
31533,13,14,31907,770
31533,13,14,31537,980
31533,13,14,1,1260
23003,13,14,23744,0
23003,13,14,23374,490
23003,13,14,23004,700
23003,13,14,1,980
29309,13,14,30051,0
29309,13,14,29681,420
29309,13,14,29311,630
29309,13,14,1,910
27082,13,14,28195,0
27082,13,14,27825,420
27082,13,14,27455,630
27082,13,14,27085,910
27082,13,14,1,1190
30424,13,14,32274,0
30424,13,14,31904,490
30424,13,14,31534,700
30424,13,14,31164,980
30424,13,14,30794,1190
30424,13,14,30424,1470
25598,13,14,26711,0
25598,13,14,26341,420
25598,13,14,25971,700
25598,13,14,25601,910
25598,13,14,1,1190
31904,13,14,33018,0
31904,13,14,32648,490
31904,13,14,32278,770
31904,13,14,31908,980
31904,13,14,1,1260
25967,13,14,26712,0
25967,13,14,26342,490
25967,13,14,25972,770
25967,13,14,1,1050
28940,13,14,30790,0
28940,13,14,30420,420
28940,13,14,30050,700
28940,13,14,29680,910
28940,13,14,29310,1190
28940,13,14,28940,1400
29677,13,14,30422,0
29677,13,14,30052,420
29677,13,14,29682,630
29677,13,14,1,910
27822,13,14,28567,0
27822,13,14,28197,490
27822,13,14,27827,700
27822,13,14,1,980
24114,13,14,25227,0
24114,13,14,24857,490
24114,13,14,24487,770
24114,13,14,24117,980
24114,13,14,1,1260
27456,13,14,29306,0
27456,13,14,28936,490
27456,13,14,28566,770
27456,13,14,28196,980
27456,13,14,27826,1260
27456,13,14,27456,1470
28193,13,14,28938,0
28193,13,14,28568,490
28193,13,14,28198,700
28193,13,14,1,980
25229,13,14,25970,0
25229,13,14,25600,420
25229,13,14,25230,700
25229,13,14,1,910
31535,13,14,32277,0
31535,13,14,31907,490
31535,13,14,31537,770
31535,13,14,1,980
26338,13,14,27083,0
26338,13,14,26713,490
26338,13,14,26343,770
26338,13,14,1,1050
29311,13,14,31161,0
29311,13,14,30791,420
29311,13,14,30421,700
29311,13,14,30051,910
29311,13,14,29681,1190
29311,13,14,29311,1400
23374,13,14,24115,0
23374,13,14,23745,490
23374,13,14,23375,700
23374,13,14,1,980
27084,13,14,27825,0
27084,13,14,27455,420
27084,13,14,27085,700
27084,13,14,1,910
24854,13,14,25599,0
24854,13,14,25229,560
24854,13,14,24859,840
24854,13,14,1,1050
28564,13,14,29309,0
28564,13,14,28939,350
28564,13,14,28569,630
28564,13,14,1,910
25600,13,14,26341,0
25600,13,14,25971,420
25600,13,14,25601,700
25600,13,14,1,910
31906,13,14,32648,0
31906,13,14,32278,490
31906,13,14,31908,770
31906,13,14,1,980
25969,13,14,27082,0
25969,13,14,26712,420
25969,13,14,26342,700
25969,13,14,25972,910
25969,13,14,1,1190
32275,13,14,33389,0
32275,13,14,33019,490
32275,13,14,32649,770
32275,13,14,32279,1050
32275,13,14,1,1260
29679,13,14,30422,0
29679,13,14,30052,560
29679,13,14,29682,840
29679,13,14,1,1050
24116,13,14,24857,0
24116,13,14,24487,490
24116,13,14,24117,770
24116,13,14,1,1050
30791,13,14,31905,0
30791,13,14,31535,560
30791,13,14,31165,840
30791,13,14,30795,1050
30791,13,14,1,1330
28195,13,14,28938,0
28195,13,14,28568,560
28195,13,14,28198,840
28195,13,14,1,1050
31537,13,14,33387,0
31537,13,14,33017,560
31537,13,14,32647,770
31537,13,14,32277,1050
31537,13,14,31907,1260
26340,13,14,27453,0
26340,13,14,27083,420
26340,13,14,26713,700
26340,13,14,26343,910
26340,13,14,1,1190
30419,13,14,31164,0
30419,13,14,30794,420
30419,13,14,30424,630
30419,13,14,1,910
26711,13,14,27824,0
26711,13,14,27454,420
26711,13,14,27084,700
26711,13,14,26714,910
26711,13,14,1,1190
30053,13,14,31903,0
30053,13,14,31533,490
30053,13,14,31163,700
30053,13,14,30793,980
30053,13,14,30423,1190
30053,13,14,30053,1470
24856,13,14,25969,0
24856,13,14,25599,490
24856,13,14,25229,770
24856,13,14,24859,980
24856,13,14,1,1260
31162,13,14,32276,0
31162,13,14,31906,560
31162,13,14,31536,770
31162,13,14,31166,1050
31162,13,14,1,1260
28566,13,14,29309,0
28566,13,14,28939,560
28566,13,14,28569,770
28566,13,14,1,1050
28935,13,14,29680,0
28935,13,14,29310,350
28935,13,14,28940,630
28935,13,14,1,840
25971,13,14,26712,0
25971,13,14,26342,420
25971,13,14,25972,700
25971,13,14,1,910
32277,13,14,33019,0
32277,13,14,32649,490
32277,13,14,32279,770
32277,13,14,1,980
29681,13,14,30052,0
29681,13,14,29682,560
29681,13,14,1,840
27451,13,14,28196,0
27451,13,14,27826,420
27451,13,14,27456,700
27451,13,14,1,980
24487,13,14,25228,0
24487,13,14,24858,490
24487,13,14,24488,770
24487,13,14,1,980
30793,13,14,31535,0
30793,13,14,31165,490
30793,13,14,30795,700
30793,13,14,1,980
25224,13,14,25970,0
25224,13,14,25600,490
25224,13,14,25230,770
25224,13,14,1,980
28197,13,14,28568,0
28197,13,14,28198,560
28197,13,14,1,840
26342,13,14,27083,0
26342,13,14,26713,420
26342,13,14,26343,700
26342,13,14,1,910
26713,13,14,27454,0
26713,13,14,27084,420
26713,13,14,26714,700
26713,13,14,1,910
24858,13,14,25599,0
24858,13,14,25229,490
24858,13,14,24859,770
24858,13,14,1,980
25595,13,14,26341,0
25595,13,14,25971,490
25595,13,14,25601,770
25595,13,14,1,980
31164,13,14,31906,0
31164,13,14,31536,560
31164,13,14,31166,770
31164,13,14,1,1050
28937,13,14,29680,0
28937,13,14,29310,560
28937,13,14,28940,770
28937,13,14,1,1050
27453,13,14,28566,0
27453,13,14,28196,350
27453,13,14,27826,630
27453,13,14,27456,840
27453,13,14,1,1120
30795,13,14,32645,0
30795,13,14,32275,490
30795,13,14,31905,770
30795,13,14,31535,980
30795,13,14,31165,1260
25226,13,14,26340,0
25226,13,14,25970,560
25226,13,14,25600,840
25226,13,14,25230,1050
25226,13,14,1,1330
31532,13,14,32277,0
31532,13,14,31907,490
31532,13,14,31537,770
31532,13,14,1,1050
1,14,15,1,0
30048,14,15,30793,0
30048,14,15,30423,420
30048,14,15,30053,630
30048,14,15,1,910
33390,14,15,34132,0
33390,14,15,33762,490
33390,14,15,33392,770
33390,14,15,1,1050
31166,14,15,33016,0
31166,14,15,32646,560
31166,14,15,32276,840
31166,14,15,31906,1050
31166,14,15,31536,1330
25597,14,15,26711,0
25597,14,15,26341,560
25597,14,15,25971,770
25597,14,15,25601,1050
25597,14,15,1,1330
25966,14,15,26712,0
25966,14,15,26342,490
25966,14,15,25972,770
25966,14,15,1,1050
28939,14,15,29310,0
28939,14,15,28940,560
28939,14,15,1,770
27455,14,15,28196,0
27455,14,15,27826,350
27455,14,15,27456,630
27455,14,15,1,840
27824,14,15,28937,0
27824,14,15,28567,350
27824,14,15,28197,630
27824,14,15,27827,840
27824,14,15,1,1120
25228,14,15,25970,0
25228,14,15,25600,560
25228,14,15,25230,770
25228,14,15,1,1050
31534,14,15,32647,0
31534,14,15,32277,420
31534,14,15,31907,630
31534,14,15,31537,910
31534,14,15,1,1120
26708,14,15,27454,0
26708,14,15,27084,490
26708,14,15,26714,770
26708,14,15,1,980
23744,14,15,24856,0
23744,14,15,24486,350
23744,14,15,24116,630
23744,14,15,23746,840
23744,14,15,1,1120
30050,14,15,30793,0
30050,14,15,30423,560
30050,14,15,30053,840
30050,14,15,1,1050
25968,14,15,27082,0
25968,14,15,26712,560
25968,14,15,26342,840
25968,14,15,25972,1120
25968,14,15,1,1330
32274,14,15,33019,0
32274,14,15,32649,560
32274,14,15,32279,770
32274,14,15,1,1050
24115,14,15,24857,0
24115,14,15,24487,630
24115,14,15,24117,840
24115,14,15,1,1120
24484,14,15,25968,0
24484,14,15,25598,280
24484,14,15,25228,560
24484,14,15,24858,840
24484,14,15,24488,1050
24484,14,15,1,1330
30790,14,15,31535,0
30790,14,15,31165,490
30790,14,15,30795,770
30790,14,15,1,980
28194,14,15,29308,0
28194,14,15,28938,420
28194,14,15,28568,700
28194,14,15,28198,910
28194,14,15,1,1190
27826,14,15,28567,0
27826,14,15,28197,350
27826,14,15,27827,630
27826,14,15,1,910
25230,14,15,27080,0
25230,14,15,26710,560
25230,14,15,26340,770
25230,14,15,25970,1050
25230,14,15,25600,1330
31536,14,15,32277,0
31536,14,15,31907,420
31536,14,15,31537,630
31536,14,15,1,910
23375,14,15,25595,0
23375,14,15,25225,350
23375,14,15,24855,560
23375,14,15,24485,840
23375,14,15,24115,1120
23375,14,15,23745,1330
29306,14,15,30051,0
29306,14,15,29681,350
29306,14,15,29311,630
29306,14,15,1,840
26710,14,15,27824,0
26710,14,15,27454,560
26710,14,15,27084,840
26710,14,15,26714,1050
26710,14,15,1,1330
32648,14,15,33390,0
32648,14,15,33020,490
32648,14,15,32650,770
32648,14,15,1,980
23746,14,15,25966,0
23746,14,15,25596,350
23746,14,15,25226,560
23746,14,15,24856,840
23746,14,15,24486,1120
23746,14,15,24116,1330
24855,14,15,26339,0
24855,14,15,25969,350
24855,14,15,25599,560
24855,14,15,25229,840
24855,14,15,24859,1120
24855,14,15,1,1330
30052,14,15,30793,0
30052,14,15,30423,350
30052,14,15,30053,560
30052,14,15,1,840
30421,14,15,31164,0
30421,14,15,30794,560
30421,14,15,30424,840
30421,14,15,1,1050
27079,14,15,27825,0
27079,14,15,27455,490
27079,14,15,27085,770
27079,14,15,1,980
31161,14,15,31906,0
31161,14,15,31536,560
31161,14,15,31166,770
31161,14,15,1,1050
25970,14,15,26712,0
25970,14,15,26342,560
25970,14,15,25972,770
25970,14,15,1,1050
32276,14,15,33389,0
32276,14,15,33019,420
32276,14,15,32649,630
32276,14,15,32279,910
32276,14,15,1,1120
28568,14,15,28939,0
28568,14,15,28569,560
28568,14,15,1,840
24117,14,15,26337,0
24117,14,15,25967,350
24117,14,15,25597,560
24117,14,15,25227,840
24117,14,15,24857,1120
24117,14,15,24487,1330
24486,14,15,25228,0
24486,14,15,24858,630
24486,14,15,24488,840
24486,14,15,1,1120
30792,14,15,31905,0
30792,14,15,31535,350
30792,14,15,31165,630
30792,14,15,30795,840
30792,14,15,1,1120
28196,14,15,28938,0
28196,14,15,28568,420
28196,14,15,28198,700
28196,14,15,1,910
29308,14,15,30051,0
29308,14,15,29681,560
29308,14,15,29311,770
29308,14,15,1,1050
26712,14,15,27454,0
26712,14,15,27084,560
26712,14,15,26714,770
26712,14,15,1,1050
32650,14,15,34500,0
32650,14,15,34130,490
32650,14,15,33760,770
32650,14,15,33390,1050
32650,14,15,33020,1260
27081,14,15,28195,0
27081,14,15,27825,560
27081,14,15,27455,840
27081,14,15,27085,1050
27081,14,15,1,1330
24857,14,15,25969,0
24857,14,15,25599,350
24857,14,15,25229,630
24857,14,15,24859,840
24857,14,15,1,1120
33387,14,15,34132,0
33387,14,15,33762,560
33387,14,15,33392,770
33387,14,15,1,1050
30423,14,15,31164,0
30423,14,15,30794,350
30423,14,15,30424,560
30423,14,15,1,840
25972,14,15,27822,0
25972,14,15,27452,560
25972,14,15,27082,840
25972,14,15,26712,1050
25972,14,15,26342,1330
31903,14,15,32648,0
31903,14,15,32278,490
31903,14,15,31908,770
31903,14,15,1,980
27452,14,15,28566,0
27452,14,15,28196,490
27452,14,15,27826,700
27452,14,15,27456,980
27452,14,15,1,1260
33018,14,15,34131,0
33018,14,15,33761,420
33018,14,15,33391,630
33018,14,15,33021,910
33018,14,15,1,1190
24488,14,15,26708,0
24488,14,15,26338,350
24488,14,15,25968,560
24488,14,15,25598,840
24488,14,15,25228,1120
24488,14,15,24858,1330
25225,14,15,25970,0
25225,14,15,25600,560
25225,14,15,25230,770
25225,14,15,1,1050
30794,14,15,31535,0
30794,14,15,31165,350
30794,14,15,30795,630
30794,14,15,1,840
26337,14,15,27083,0
26337,14,15,26713,490
26337,14,15,26343,770
26337,14,15,1,1050
23004,14,15,25224,0
23004,14,15,24854,350
23004,14,15,24484,560
23004,14,15,24114,840
23004,14,15,23744,1120
23004,14,15,23374,1330
29310,14,15,29681,0
29310,14,15,29311,560
29310,14,15,1,770
26714,14,15,28564,0
26714,14,15,28194,560
26714,14,15,27824,770
26714,14,15,27454,1050
26714,14,15,27084,1330
27083,14,15,27825,0
27083,14,15,27455,490
27083,14,15,27085,770
27083,14,15,1,1050
33389,14,15,34502,0
33389,14,15,34132,420
33389,14,15,33762,630
33389,14,15,33392,910
33389,14,15,1,1190
25599,14,15,26341,0
25599,14,15,25971,560
25599,14,15,25601,770
25599,14,15,1,1050
31905,14,15,33018,0
31905,14,15,32648,350
31905,14,15,32278,630
31905,14,15,31908,910
31905,14,15,1,1120
29678,14,15,30792,0
29678,14,15,30422,420
29678,14,15,30052,700
29678,14,15,29682,910
29678,14,15,1,1190
27454,14,15,28196,0
27454,14,15,27826,490
27454,14,15,27456,700
27454,14,15,1,980
33020,14,15,33761,0
33020,14,15,33391,420
33020,14,15,33021,630
33020,14,15,1,910
27823,14,15,28937,0
27823,14,15,28567,490
27823,14,15,28197,770
27823,14,15,27827,980
27823,14,15,1,1260
25227,14,15,26340,0
25227,14,15,25970,420
25227,14,15,25600,700
25227,14,15,25230,910
25227,14,15,1,1190
26339,14,15,27453,0
26339,14,15,27083,560
26339,14,15,26713,840
26339,14,15,26343,1120
26339,14,15,1,1330
32645,14,15,33390,0
32645,14,15,33020,560
32645,14,15,32650,770
32645,14,15,1,1050
30049,14,15,31163,0
30049,14,15,30793,490
30049,14,15,30423,770
30049,14,15,30053,1050
30049,14,15,1,1260
27085,14,15,28935,0
27085,14,15,28565,560
27085,14,15,28195,770
27085,14,15,27825,1050
27085,14,15,27455,1260
28565,14,15,29679,0
28565,14,15,29309,420
28565,14,15,28939,700
28565,14,15,28569,910
28565,14,15,1,1190
25601,14,15,27451,0
25601,14,15,27081,560
25601,14,15,26711,770
25601,14,15,26341,1050
25601,14,15,25971,1330
31907,14,15,32648,0
31907,14,15,32278,420
31907,14,15,31908,630
31907,14,15,1,910
29680,14,15,30422,0
29680,14,15,30052,420
29680,14,15,29682,700
29680,14,15,1,910
27825,14,15,28567,0
27825,14,15,28197,490
27825,14,15,27827,700
27825,14,15,1,980
26709,14,15,27454,0
26709,14,15,27084,490
26709,14,15,26714,770
26709,14,15,1,980
26341,14,15,27083,0
26341,14,15,26713,560
26341,14,15,26343,770
26341,14,15,1,1050
32647,14,15,33760,0
32647,14,15,33390,420
32647,14,15,33020,630
32647,14,15,32650,910
32647,14,15,1,1120
23745,14,15,24486,0
23745,14,15,24116,490
23745,14,15,23746,770
23745,14,15,1,980
30051,14,15,30793,0
30051,14,15,30423,420
30051,14,15,30053,700
30051,14,15,1,980
30420,14,15,31534,0
30420,14,15,31164,490
30420,14,15,30794,770
30420,14,15,30424,1050
30420,14,15,1,1260
31163,14,15,32276,0
31163,14,15,31906,420
31163,14,15,31536,630
31163,14,15,31166,910
31163,14,15,1,1190
28567,14,15,29309,0
28567,14,15,28939,420
28567,14,15,28569,630
28567,14,15,1,910
28936,14,15,30050,0
28936,14,15,29680,420
28936,14,15,29310,630
28936,14,15,28940,910
28936,14,15,1,1190
32278,14,15,33019,0
32278,14,15,32649,420
32278,14,15,32279,630
32278,14,15,1,910
24485,14,15,25598,0
24485,14,15,25228,490
24485,14,15,24858,770
24485,14,15,24488,980
24485,14,15,1,1260
29682,14,15,31532,0
29682,14,15,31162,420
29682,14,15,30792,700
29682,14,15,30422,980
29682,14,15,30052,1190
29682,14,15,29682,1470
27827,14,15,29677,0
27827,14,15,29307,490
27827,14,15,28937,770
27827,14,15,28567,980
27827,14,15,28197,1260
27827,14,15,27827,1470
28198,14,15,30048,0
28198,14,15,29678,490
28198,14,15,29308,700
28198,14,15,28938,980
28198,14,15,28568,1190
28198,14,15,28198,1470
29307,14,15,30421,0
29307,14,15,30051,420
29307,14,15,29681,630
29307,14,15,29311,910
29307,14,15,1,1190
26343,14,15,28193,0
26343,14,15,27823,560
26343,14,15,27453,840
26343,14,15,27083,1050
26343,14,15,26713,1330
32649,14,15,33390,0
32649,14,15,33020,420
32649,14,15,32650,630
32649,14,15,1,910
27080,14,15,27825,0
27080,14,15,27455,490
27080,14,15,27085,770
27080,14,15,1,980
30422,14,15,31164,0
30422,14,15,30794,420
30422,14,15,30424,700
30422,14,15,1,980
24859,14,15,27079,0
24859,14,15,26709,350
24859,14,15,26339,560
24859,14,15,25969,840
24859,14,15,25599,1120
24859,14,15,25229,1330
31165,14,15,31906,0
31165,14,15,31536,420
31165,14,15,31166,700
31165,14,15,1,910
25596,14,15,26341,0
25596,14,15,25971,490
25596,14,15,25601,770
25596,14,15,1,1050
28569,14,15,30419,0
28569,14,15,30049,420
28569,14,15,29679,700
28569,14,15,29309,910
28569,14,15,28939,1190
28569,14,15,28569,1470
28938,14,15,29680,0
28938,14,15,29310,420
28938,14,15,28940,630
28938,14,15,1,910
33017,14,15,34131,0
33017,14,15,33761,490
33017,14,15,33391,770
33017,14,15,33021,1050
33017,14,15,1,1260
33760,14,15,34873,0
33760,14,15,34503,420
33760,14,15,34133,630
33760,14,15,33763,910
33760,14,15,1,1190
31533,14,15,32647,0
31533,14,15,32277,490
31533,14,15,31907,770
31533,14,15,31537,980
31533,14,15,1,1260
29309,14,15,30051,0
29309,14,15,29681,420
29309,14,15,29311,630
29309,14,15,1,910
27082,14,15,28195,0
27082,14,15,27825,420
27082,14,15,27455,630
27082,14,15,27085,910
27082,14,15,1,1190
30424,14,15,32274,0
30424,14,15,31904,490
30424,14,15,31534,700
30424,14,15,31164,980
30424,14,15,30794,1190
30424,14,15,30424,1470
25598,14,15,26711,0
25598,14,15,26341,420
25598,14,15,25971,700
25598,14,15,25601,910
25598,14,15,1,1190
31904,14,15,33018,0
31904,14,15,32648,490
31904,14,15,32278,770
31904,14,15,31908,980
31904,14,15,1,1260
25967,14,15,26712,0
25967,14,15,26342,490
25967,14,15,25972,770
25967,14,15,1,1050
28940,14,15,30790,0
28940,14,15,30420,420
28940,14,15,30050,700
28940,14,15,29680,910
28940,14,15,29310,1190
28940,14,15,28940,1400
29677,14,15,30422,0
29677,14,15,30052,420
29677,14,15,29682,630
29677,14,15,1,910
33019,14,15,33761,0
33019,14,15,33391,490
33019,14,15,33021,770
33019,14,15,1,1050
27822,14,15,28567,0
27822,14,15,28197,490
27822,14,15,27827,700
27822,14,15,1,980
24114,14,15,25227,0
24114,14,15,24857,490
24114,14,15,24487,770
24114,14,15,24117,980
24114,14,15,1,1260
27456,14,15,29306,0
27456,14,15,28936,490
27456,14,15,28566,770
27456,14,15,28196,980
27456,14,15,27826,1260
27456,14,15,27456,1470
28193,14,15,28938,0
28193,14,15,28568,490
28193,14,15,28198,700
28193,14,15,1,980
25229,14,15,25970,0
25229,14,15,25600,420
25229,14,15,25230,700
25229,14,15,1,910
31535,14,15,32277,0
31535,14,15,31907,490
31535,14,15,31537,770
31535,14,15,1,980
26338,14,15,27083,0
26338,14,15,26713,490
26338,14,15,26343,770
26338,14,15,1,1050
29311,14,15,31161,0
29311,14,15,30791,420
29311,14,15,30421,700
29311,14,15,30051,910
29311,14,15,29681,1190
29311,14,15,29311,1400
23374,14,15,24115,0
23374,14,15,23745,490
23374,14,15,23375,700
23374,14,15,1,980
27084,14,15,27825,0
27084,14,15,27455,420
27084,14,15,27085,700
27084,14,15,1,910
24854,14,15,25599,0
24854,14,15,25229,560
24854,14,15,24859,840
24854,14,15,1,1050
28564,14,15,29309,0
28564,14,15,28939,350
28564,14,15,28569,630
28564,14,15,1,910
25600,14,15,26341,0
25600,14,15,25971,420
25600,14,15,25601,700
25600,14,15,1,910
31906,14,15,32648,0
31906,14,15,32278,490
31906,14,15,31908,770
31906,14,15,1,980
25969,14,15,27082,0
25969,14,15,26712,420
25969,14,15,26342,700
25969,14,15,25972,910
25969,14,15,1,1190
32275,14,15,33389,0
32275,14,15,33019,490
32275,14,15,32649,770
32275,14,15,32279,1050
32275,14,15,1,1260
29679,14,15,30422,0
29679,14,15,30052,560
29679,14,15,29682,840
29679,14,15,1,1050
24116,14,15,24857,0
24116,14,15,24487,490
24116,14,15,24117,770
24116,14,15,1,1050
30791,14,15,31905,0
30791,14,15,31535,560
30791,14,15,31165,840
30791,14,15,30795,1050
30791,14,15,1,1330
28195,14,15,28938,0
28195,14,15,28568,560
28195,14,15,28198,840
28195,14,15,1,1050
31537,14,15,33387,0
31537,14,15,33017,560
31537,14,15,32647,770
31537,14,15,32277,1050
31537,14,15,31907,1260
32646,14,15,33760,0
32646,14,15,33390,490
32646,14,15,33020,770
32646,14,15,32650,1050
32646,14,15,1,1260
26340,14,15,27453,0
26340,14,15,27083,420
26340,14,15,26713,700
26340,14,15,26343,910
26340,14,15,1,1190
30419,14,15,31164,0
30419,14,15,30794,420
30419,14,15,30424,630
30419,14,15,1,910
26711,14,15,27824,0
26711,14,15,27454,420
26711,14,15,27084,700
26711,14,15,26714,910
26711,14,15,1,1190
30053,14,15,31903,0
30053,14,15,31533,490
30053,14,15,31163,700
30053,14,15,30793,980
30053,14,15,30423,1190
30053,14,15,30053,1470
24856,14,15,25969,0
24856,14,15,25599,490
24856,14,15,25229,770
24856,14,15,24859,980
24856,14,15,1,1260
31162,14,15,32276,0
31162,14,15,31906,560
31162,14,15,31536,770
31162,14,15,31166,1050
31162,14,15,1,1260
28566,14,15,29309,0
28566,14,15,28939,560
28566,14,15,28569,770
28566,14,15,1,1050
28935,14,15,29680,0
28935,14,15,29310,350
28935,14,15,28940,630
28935,14,15,1,840
31908,14,15,33758,0
31908,14,15,33388,490
31908,14,15,33018,770
31908,14,15,32648,1050
31908,14,15,32278,1260
25971,14,15,26712,0
25971,14,15,26342,420
25971,14,15,25972,700
25971,14,15,1,910
32277,14,15,33019,0
32277,14,15,32649,490
32277,14,15,32279,770
32277,14,15,1,980
29681,14,15,30052,0
29681,14,15,29682,560
29681,14,15,1,840
27451,14,15,28196,0
27451,14,15,27826,420
27451,14,15,27456,700
27451,14,15,1,980
24487,14,15,25228,0
24487,14,15,24858,490
24487,14,15,24488,770
24487,14,15,1,980
30793,14,15,31535,0
30793,14,15,31165,490
30793,14,15,30795,700
30793,14,15,1,980
25224,14,15,25970,0
25224,14,15,25600,490
25224,14,15,25230,770
25224,14,15,1,980
28197,14,15,28568,0
28197,14,15,28198,560
28197,14,15,1,840
26342,14,15,27083,0
26342,14,15,26713,420
26342,14,15,26343,700
26342,14,15,1,910
26713,14,15,27454,0
26713,14,15,27084,420
26713,14,15,26714,700
26713,14,15,1,910
24858,14,15,25599,0
24858,14,15,25229,490
24858,14,15,24859,770
24858,14,15,1,980
25595,14,15,26341,0
25595,14,15,25971,490
25595,14,15,25601,770
25595,14,15,1,980
31164,14,15,31906,0
31164,14,15,31536,560
31164,14,15,31166,770
31164,14,15,1,1050
28937,14,15,29680,0
28937,14,15,29310,560
28937,14,15,28940,770
28937,14,15,1,1050
32279,14,15,34129,0
32279,14,15,33759,490
32279,14,15,33389,770
32279,14,15,33019,1050
32279,14,15,32649,1260
33016,14,15,33761,0
33016,14,15,33391,560
33016,14,15,33021,770
33016,14,15,1,1050
27453,14,15,28566,0
27453,14,15,28196,350
27453,14,15,27826,630
27453,14,15,27456,840
27453,14,15,1,1120
30795,14,15,32645,0
30795,14,15,32275,490
30795,14,15,31905,770
30795,14,15,31535,980
30795,14,15,31165,1260
25226,14,15,26340,0
25226,14,15,25970,560
25226,14,15,25600,840
25226,14,15,25230,1050
25226,14,15,1,1330
31532,14,15,32277,0
31532,14,15,31907,490
31532,14,15,31537,770
31532,14,15,1,1050
