62330,1,2,63810,0
62330,1,2,63440,560
62330,1,2,63070,1050
63070,2,3,64182,0
63070,2,3,63812,770
63070,2,3,63442,1260
63440,2,3,64553,0
63440,2,3,64183,700
63440,2,3,63813,1190
63810,2,3,64924,0
63810,2,3,64554,560
63810,2,3,64184,1050
64184,3,4,64925,0
64184,3,4,64555,700
64184,3,4,64185,1190
64554,3,4,65666,0
64554,3,4,65296,630
64554,3,4,64926,1190
63813,3,4,64554,0
63813,3,4,64184,700
63813,3,4,63814,1190
64183,3,4,65295,0
64183,3,4,64925,630
64183,3,4,64555,1190
64553,3,4,65666,0
64553,3,4,65296,560
64553,3,4,64926,1050
63442,3,4,64183,0
63442,3,4,63813,700
63442,3,4,63443,1190
63812,3,4,64924,0
63812,3,4,64554,630
63812,3,4,64184,1190
64182,3,4,65295,0
64182,3,4,64925,560
64182,3,4,64555,1050
64924,3,4,66037,0
64924,3,4,65667,560
64924,3,4,65297,1050
64184,4,5,64925,0
64184,4,5,64555,700
64184,4,5,64185,1190
65667,4,5,66779,0
65667,4,5,66409,700
65667,4,5,66039,1190
64926,4,5,65667,0
64926,4,5,65297,700
64926,4,5,64927,1190
64554,4,5,65666,0
64554,4,5,65296,700
64554,4,5,64926,1190
63813,4,5,64554,0
63813,4,5,64184,700
63813,4,5,63814,1190
65296,4,5,66408,0
65296,4,5,66038,700
65296,4,5,65668,1190
63443,4,5,64553,0
63443,4,5,64183,560
63443,4,5,63813,1050
65666,4,5,66779,0
65666,4,5,66409,630
65666,4,5,66039,1120
64183,4,5,65295,0
64183,4,5,64925,700
64183,4,5,64555,1190
66037,4,5,67150,0
66037,4,5,66780,630
66037,4,5,66410,1120
64925,4,5,66037,0
64925,4,5,65667,700
64925,4,5,65297,1190
64185,4,5,65295,0
64185,4,5,64925,560
64185,4,5,64555,1050
65295,4,5,66408,0
65295,4,5,66038,630
65295,4,5,65668,1120
64555,4,5,65296,0
64555,4,5,64926,700
64555,4,5,64556,1190
64924,4,5,66037,0
64924,4,5,65667,630
64924,4,5,65297,1120
63814,4,5,64924,0
63814,4,5,64554,560
63814,4,5,64184,1050
65297,4,5,66038,0
65297,4,5,65668,700
65297,4,5,65298,1190
65667,5,6,66779,0
65667,5,6,66409,700
65667,5,6,66039,1190
66779,5,6,67892,0
66779,5,6,67522,630
66779,5,6,67152,1120
64183,5,6,65295,0
64183,5,6,64925,700
64183,5,6,64555,1190
67150,5,6,68263,0
67150,5,6,67893,630
67150,5,6,67523,1120
65298,5,6,66408,0
65298,5,6,66038,560
65298,5,6,65668,1050
65295,5,6,66408,0
65295,5,6,66038,630
65295,5,6,65668,1120
66410,5,6,67151,0
66410,5,6,66781,700
66410,5,6,66411,1190
66038,5,6,67150,0
66038,5,6,66780,700
66038,5,6,66410,1190
63814,5,6,64924,0
63814,5,6,64554,560
63814,5,6,64184,1050
64926,5,6,65667,0
64926,5,6,65297,700
64926,5,6,64927,1190
64554,5,6,65666,0
64554,5,6,65296,700
64554,5,6,64926,1190
65666,5,6,66779,0
65666,5,6,66409,630
65666,5,6,66039,1120
64185,5,6,65295,0
64185,5,6,64925,560
64185,5,6,64555,1050
65297,5,6,66038,0
65297,5,6,65668,700
65297,5,6,65298,1190
66409,5,6,67521,0
66409,5,6,67151,700
66409,5,6,66781,1190
66037,5,6,67150,0
66037,5,6,66780,630
66037,5,6,66410,1120
63813,5,6,64554,0
63813,5,6,64184,700
63813,5,6,63814,1190
64553,5,6,65666,0
64553,5,6,65296,630
64553,5,6,64926,1120
64556,5,6,65666,0
64556,5,6,65296,560
64556,5,6,64926,1050
64925,5,6,66037,0
64925,5,6,65667,700
64925,5,6,65297,1190
65668,5,6,66409,0
65668,5,6,66039,700
65668,5,6,65669,1190
66780,5,6,67892,0
66780,5,6,67522,700
66780,5,6,67152,1190
64184,5,6,64925,0
64184,5,6,64555,700
64184,5,6,64185,1190
65296,5,6,66408,0
65296,5,6,66038,700
65296,5,6,65668,1190
66408,5,6,67521,0
66408,5,6,67151,630
66408,5,6,66781,1120
66039,5,6,66780,0
66039,5,6,66410,700
66039,5,6,66040,1190
64555,5,6,65296,0
64555,5,6,64926,700
64555,5,6,64556,1190
64924,5,6,66037,0
64924,5,6,65667,630
64924,5,6,65297,1120
64927,5,6,66037,0
64927,5,6,65667,560
64927,5,6,65297,1050
65667,6,7,66779,0
65667,6,7,66409,700
65667,6,7,66039,1260
66779,6,7,67892,0
66779,6,7,67522,630
66779,6,7,67152,1120
67522,6,7,68634,0
67522,6,7,68264,700
67522,6,7,67894,1260
67150,6,7,68263,0
67150,6,7,67893,630
67150,6,7,67523,1120
65298,6,7,66408,0
65298,6,7,66038,630
65298,6,7,65668,1120
65295,6,7,66408,0
65295,6,7,66038,630
65295,6,7,65668,1120
66410,6,7,67151,0
66410,6,7,66781,770
66410,6,7,66411,1260
66038,6,7,67150,0
66038,6,7,66780,700
66038,6,7,66410,1260
63814,6,7,64924,0
63814,6,7,64554,630
63814,6,7,64184,1120
64926,6,7,65667,0
64926,6,7,65297,770
64926,6,7,64927,1260
67893,6,7,69005,0
67893,6,7,68635,700
67893,6,7,68265,1260
64554,6,7,65666,0
64554,6,7,65296,700
64554,6,7,64926,1260
65666,6,7,66779,0
65666,6,7,66409,630
65666,6,7,66039,1120
65669,6,7,66779,0
65669,6,7,66409,630
65669,6,7,66039,1120
66781,6,7,67522,0
66781,6,7,67152,770
66781,6,7,66782,1260
64185,6,7,65295,0
64185,6,7,64925,630
64185,6,7,64555,1120
67152,6,7,67893,0
67152,6,7,67523,770
67152,6,7,67153,1260
67521,6,7,68634,0
67521,6,7,68264,630
67521,6,7,67894,1120
65297,6,7,66038,0
65297,6,7,65668,770
65297,6,7,65298,1260
66040,6,7,67150,0
66040,6,7,66780,630
66040,6,7,66410,1120
66409,6,7,67521,0
66409,6,7,67151,700
66409,6,7,66781,1260
66037,6,7,67150,0
66037,6,7,66780,630
66037,6,7,66410,1120
67892,6,7,69005,0
67892,6,7,68635,630
67892,6,7,68265,1120
64556,6,7,65666,0
64556,6,7,65296,630
64556,6,7,64926,1120
64925,6,7,66037,0
64925,6,7,65667,700
64925,6,7,65297,1260
65668,6,7,66409,0
65668,6,7,66039,770
65668,6,7,65669,1260
66780,6,7,67892,0
66780,6,7,67522,700
66780,6,7,67152,1260
67523,6,7,68264,0
67523,6,7,67894,770
67523,6,7,67524,1260
67151,6,7,68263,0
67151,6,7,67893,700
67151,6,7,67523,1260
64184,6,7,64925,0
64184,6,7,64555,770
64184,6,7,64185,1260
65296,6,7,66408,0
65296,6,7,66038,700
65296,6,7,65668,1260
64924,6,7,66037,0
64924,6,7,65667,630
64924,6,7,65297,1120
66408,6,7,67521,0
66408,6,7,67151,630
66408,6,7,66781,1120
66411,6,7,67521,0
66411,6,7,67151,630
66411,6,7,66781,1120
66039,6,7,66780,0
66039,6,7,66410,770
66039,6,7,66040,1260
64555,6,7,65296,0
64555,6,7,64926,770
64555,6,7,64556,1260
68263,6,7,69376,0
68263,6,7,69006,630
68263,6,7,68636,1120
64927,6,7,66037,0
64927,6,7,65667,630
64927,6,7,65297,1120
65667,7,8,66779,0
65667,7,8,66409,700
65667,7,8,66039,1190
68634,7,8,69747,0
68634,7,8,69377,630
68634,7,8,69007,1120
66779,7,8,67892,0
66779,7,8,67522,630
66779,7,8,67152,1120
67522,7,8,68634,0
67522,7,8,68264,700
67522,7,8,67894,1190
67150,7,8,68263,0
67150,7,8,67893,630
67150,7,8,67523,1120
66782,7,8,67892,0
66782,7,8,67522,560
66782,7,8,67152,1050
67153,7,8,68263,0
67153,7,8,67893,560
67153,7,8,67523,1050
65298,7,8,66408,0
65298,7,8,66038,560
65298,7,8,65668,1050
65295,7,8,66408,0
65295,7,8,66038,630
65295,7,8,65668,1120
66410,7,8,67151,0
66410,7,8,66781,700
66410,7,8,66411,1260
66038,7,8,67150,0
66038,7,8,66780,700
66038,7,8,66410,1190
69005,7,8,70118,0
69005,7,8,69748,630
69005,7,8,69378,1120
68265,7,8,69006,0
68265,7,8,68636,700
68265,7,8,68266,1260
67893,7,8,69005,0
67893,7,8,68635,700
67893,7,8,68265,1190
64554,7,8,65666,0
64554,7,8,65296,700
64554,7,8,64926,1190
64926,7,8,65667,0
64926,7,8,65297,700
64926,7,8,64927,1260
65666,7,8,66779,0
65666,7,8,66409,630
65666,7,8,66039,1120
65669,7,8,66779,0
65669,7,8,66409,560
65669,7,8,66039,1050
68636,7,8,69377,0
68636,7,8,69007,700
68636,7,8,68637,1260
66781,7,8,67522,0
66781,7,8,67152,700
66781,7,8,66782,1260
64185,7,8,65295,0
64185,7,8,64925,560
64185,7,8,64555,1050
67152,7,8,67893,0
67152,7,8,67523,700
67152,7,8,67153,1260
67521,7,8,68634,0
67521,7,8,68264,630
67521,7,8,67894,1120
67524,7,8,68634,0
67524,7,8,68264,560
67524,7,8,67894,1050
65297,7,8,66038,0
65297,7,8,65668,700
65297,7,8,65298,1260
66040,7,8,67150,0
66040,7,8,66780,560
66040,7,8,66410,1050
66409,7,8,67521,0
66409,7,8,67151,700
66409,7,8,66781,1190
66037,7,8,67150,0
66037,7,8,66780,630
66037,7,8,66410,1120
69376,7,8,70489,0
69376,7,8,70119,630
69376,7,8,69749,1120
67892,7,8,69005,0
67892,7,8,68635,630
67892,7,8,68265,1120
64556,7,8,65666,0
64556,7,8,65296,560
64556,7,8,64926,1050
68264,7,8,69376,0
68264,7,8,69006,700
68264,7,8,68636,1190
64925,7,8,66037,0
64925,7,8,65667,700
64925,7,8,65297,1190
65668,7,8,66409,0
65668,7,8,66039,700
65668,7,8,65669,1260
68635,7,8,69747,0
68635,7,8,69377,700
68635,7,8,69007,1190
66780,7,8,67892,0
66780,7,8,67522,700
66780,7,8,67152,1190
67523,7,8,68264,0
67523,7,8,67894,700
67523,7,8,67524,1260
67151,7,8,68263,0
67151,7,8,67893,700
67151,7,8,67523,1190
64184,7,8,64925,0
64184,7,8,64555,700
64184,7,8,64185,1260
65296,7,8,66408,0
65296,7,8,66038,700
65296,7,8,65668,1190
64924,7,8,66037,0
64924,7,8,65667,630
64924,7,8,65297,1120
66408,7,8,67521,0
66408,7,8,67151,630
66408,7,8,66781,1120
66411,7,8,67521,0
66411,7,8,67151,560
66411,7,8,66781,1050
66039,7,8,66780,0
66039,7,8,66410,700
66039,7,8,66040,1260
69006,7,8,70118,0
69006,7,8,69748,700
69006,7,8,69378,1190
64555,7,8,65296,0
64555,7,8,64926,700
64555,7,8,64556,1260
68263,7,8,69376,0
68263,7,8,69006,630
68263,7,8,68636,1120
64927,7,8,66037,0
64927,7,8,65667,560
64927,7,8,65297,1050
67894,7,8,68635,0
67894,7,8,68265,700
67894,7,8,67895,1260
65667,8,9,66779,0
65667,8,9,66409,700
65667,8,9,66039,1190
68634,8,9,69747,0
68634,8,9,69377,630
68634,8,9,69007,1120
66779,8,9,67892,0
66779,8,9,67522,630
66779,8,9,67152,1120
67522,8,9,68634,0
67522,8,9,68264,700
67522,8,9,67894,1190
67150,8,9,68263,0
67150,8,9,67893,630
67150,8,9,67523,1120
66782,8,9,67892,0
66782,8,9,67522,560
66782,8,9,67152,1050
70489,8,9,71602,0
70489,8,9,71232,630
70489,8,9,70862,1120
69749,8,9,70490,0
69749,8,9,70120,770
69749,8,9,69750,1260
67153,8,9,68263,0
67153,8,9,67893,560
67153,8,9,67523,1050
65298,8,9,66408,0
65298,8,9,66038,560
65298,8,9,65668,1050
65295,8,9,66408,0
65295,8,9,66038,630
65295,8,9,65668,1120
66410,8,9,67151,0
66410,8,9,66781,770
66410,8,9,66411,1260
69377,8,9,70489,0
69377,8,9,70119,700
69377,8,9,69749,1190
66038,8,9,67150,0
66038,8,9,66780,700
66038,8,9,66410,1190
69005,8,9,70118,0
69005,8,9,69748,630
69005,8,9,69378,1120
68265,8,9,69006,0
68265,8,9,68636,770
68265,8,9,68266,1260
67893,8,9,69005,0
67893,8,9,68635,700
67893,8,9,68265,1190
64926,8,9,65667,0
64926,8,9,65297,770
64926,8,9,64927,1260
65666,8,9,66779,0
65666,8,9,66409,630
65666,8,9,66039,1120
65669,8,9,66779,0
65669,8,9,66409,560
65669,8,9,66039,1050
68636,8,9,69377,0
68636,8,9,69007,770
68636,8,9,68637,1260
66781,8,9,67522,0
66781,8,9,67152,770
66781,8,9,66782,1260
69748,8,9,70860,0
69748,8,9,70490,700
69748,8,9,70120,1190
64185,8,9,65295,0
64185,8,9,64925,560
64185,8,9,64555,1050
67152,8,9,67893,0
67152,8,9,67523,770
67152,8,9,67153,1260
67521,8,9,68634,0
67521,8,9,68264,630
67521,8,9,67894,1120
67524,8,9,68634,0
67524,8,9,68264,560
67524,8,9,67894,1050
65297,8,9,66038,0
65297,8,9,65668,770
65297,8,9,65298,1260
66040,8,9,67150,0
66040,8,9,66780,560
66040,8,9,66410,1050
69007,8,9,69748,0
69007,8,9,69378,770
69007,8,9,69008,1260
66409,8,9,67521,0
66409,8,9,67151,700
66409,8,9,66781,1190
69376,8,9,70489,0
69376,8,9,70119,630
69376,8,9,69749,1120
66037,8,9,67150,0
66037,8,9,66780,630
66037,8,9,66410,1120
70119,8,9,71231,0
70119,8,9,70861,700
70119,8,9,70491,1190
67892,8,9,69005,0
67892,8,9,68635,630
67892,8,9,68265,1120
64556,8,9,65666,0
64556,8,9,65296,560
64556,8,9,64926,1050
67895,8,9,69005,0
67895,8,9,68635,560
67895,8,9,68265,1050
68264,8,9,69376,0
68264,8,9,69006,700
68264,8,9,68636,1190
64925,8,9,66037,0
64925,8,9,65667,700
64925,8,9,65297,1190
65668,8,9,66409,0
65668,8,9,66039,770
65668,8,9,65669,1260
68635,8,9,69747,0
68635,8,9,69377,700
68635,8,9,69007,1190
66780,8,9,67892,0
66780,8,9,67522,700
66780,8,9,67152,1190
69747,8,9,70860,0
69747,8,9,70490,630
69747,8,9,70120,1120
64927,8,9,66037,0
64927,8,9,65667,560
64927,8,9,65297,1050
67523,8,9,68264,0
67523,8,9,67894,770
67523,8,9,67524,1260
67151,8,9,68263,0
67151,8,9,67893,700
67151,8,9,67523,1190
65296,8,9,66408,0
65296,8,9,66038,700
65296,8,9,65668,1190
66408,8,9,67521,0
66408,8,9,67151,630
66408,8,9,66781,1120
66411,8,9,67521,0
66411,8,9,67151,560
66411,8,9,66781,1050
66039,8,9,66780,0
66039,8,9,66410,770
66039,8,9,66040,1260
69378,8,9,70119,0
69378,8,9,69749,770
69378,8,9,69379,1260
69006,8,9,70118,0
69006,8,9,69748,700
69006,8,9,69378,1190
70118,8,9,71231,0
70118,8,9,70861,630
70118,8,9,70491,1120
64555,8,9,65296,0
64555,8,9,64926,770
64555,8,9,64556,1260
68263,8,9,69376,0
68263,8,9,69006,630
68263,8,9,68636,1120
68266,8,9,69376,0
68266,8,9,69006,560
68266,8,9,68636,1050
67894,8,9,68635,0
67894,8,9,68265,770
67894,8,9,67895,1260
68637,8,9,69747,0
68637,8,9,69377,560
68637,8,9,69007,1050
65667,9,10,66779,0
65667,9,10,66409,700
65667,9,10,66039,1190
68634,9,10,69747,0
68634,9,10,69377,630
68634,9,10,69007,1120
66779,9,10,67892,0
66779,9,10,67522,630
66779,9,10,67152,1120
67522,9,10,68634,0
67522,9,10,68264,700
67522,9,10,67894,1190
70489,9,10,71602,0
70489,9,10,71232,630
70489,9,10,70862,1120
67150,9,10,68263,0
67150,9,10,67893,630
67150,9,10,67523,1120
69749,9,10,70490,0
69749,9,10,70120,770
69749,9,10,69750,1260
66782,9,10,67892,0
66782,9,10,67522,560
66782,9,10,67152,1050
67153,9,10,68263,0
67153,9,10,67893,560
67153,9,10,67523,1050
70861,9,10,71973,0
70861,9,10,71603,700
70861,9,10,71233,1190
65298,9,10,66408,0
65298,9,10,66038,560
65298,9,10,65668,1050
65295,9,10,66408,0
65295,9,10,66038,630
65295,9,10,65668,1120
66410,9,10,67151,0
66410,9,10,66781,770
66410,9,10,66411,1260
69377,9,10,70489,0
69377,9,10,70119,700
69377,9,10,69749,1190
66038,9,10,67150,0
66038,9,10,66780,700
66038,9,10,66410,1190
69005,9,10,70118,0
69005,9,10,69748,630
69005,9,10,69378,1120
69008,9,10,70118,0
69008,9,10,69748,560
69008,9,10,69378,1050
70120,9,10,70861,0
70120,9,10,70491,770
70120,9,10,70121,1260
68265,9,10,69006,0
68265,9,10,68636,770
68265,9,10,68266,1260
67893,9,10,69005,0
67893,9,10,68635,700
67893,9,10,68265,1190
71232,9,10,72344,0
71232,9,10,71974,700
71232,9,10,71604,1190
64926,9,10,65667,0
64926,9,10,65297,770
64926,9,10,64927,1260
65666,9,10,66779,0
65666,9,10,66409,630
65666,9,10,66039,1120
65669,9,10,66779,0
65669,9,10,66409,560
65669,9,10,66039,1050
68636,9,10,69377,0
68636,9,10,69007,770
68636,9,10,68637,1260
66781,9,10,67522,0
66781,9,10,67152,770
66781,9,10,66782,1260
69748,9,10,70860,0
69748,9,10,70490,700
69748,9,10,70120,1190
67152,9,10,67893,0
67152,9,10,67523,770
67152,9,10,67153,1260
70860,9,10,71973,0
70860,9,10,71603,630
70860,9,10,71233,1120
67521,9,10,68634,0
67521,9,10,68264,630
67521,9,10,67894,1120
67524,9,10,68634,0
67524,9,10,68264,560
67524,9,10,67894,1050
70491,9,10,71232,0
70491,9,10,70862,770
70491,9,10,70492,1260
65297,9,10,66038,0
65297,9,10,65668,770
65297,9,10,65298,1260
66040,9,10,67150,0
66040,9,10,66780,560
66040,9,10,66410,1050
69007,9,10,69748,0
69007,9,10,69378,770
69007,9,10,69008,1260
66409,9,10,67521,0
66409,9,10,67151,700
66409,9,10,66781,1190
69376,9,10,70489,0
69376,9,10,70119,630
69376,9,10,69749,1120
66037,9,10,67150,0
66037,9,10,66780,630
66037,9,10,66410,1120
70119,9,10,71231,0
70119,9,10,70861,700
70119,9,10,70491,1190
69379,9,10,70489,0
69379,9,10,70119,560
69379,9,10,69749,1050
67892,9,10,69005,0
67892,9,10,68635,630
67892,9,10,68265,1120
64556,9,10,65666,0
64556,9,10,65296,560
64556,9,10,64926,1050
67895,9,10,69005,0
67895,9,10,68635,560
67895,9,10,68265,1050
68264,9,10,69376,0
68264,9,10,69006,700
68264,9,10,68636,1190
64925,9,10,66037,0
64925,9,10,65667,700
64925,9,10,65297,1190
65668,9,10,66409,0
65668,9,10,66039,770
65668,9,10,65669,1260
68635,9,10,69747,0
68635,9,10,69377,700
68635,9,10,69007,1190
71602,9,10,72715,0
71602,9,10,72345,630
71602,9,10,71975,1120
71231,9,10,72344,0
71231,9,10,71974,630
71231,9,10,71604,1120
66780,9,10,67892,0
66780,9,10,67522,700
66780,9,10,67152,1190
69747,9,10,70860,0
69747,9,10,70490,630
69747,9,10,70120,1120
64927,9,10,66037,0
64927,9,10,65667,560
64927,9,10,65297,1050
69750,9,10,70860,0
69750,9,10,70490,560
69750,9,10,70120,1050
67523,9,10,68264,0
67523,9,10,67894,770
67523,9,10,67524,1260
70862,9,10,71603,0
70862,9,10,71233,770
70862,9,10,70863,1260
70490,9,10,71602,0
70490,9,10,71232,700
70490,9,10,70862,1190
67151,9,10,68263,0
67151,9,10,67893,700
67151,9,10,67523,1190
65296,9,10,66408,0
65296,9,10,66038,700
65296,9,10,65668,1190
66408,9,10,67521,0
66408,9,10,67151,630
66408,9,10,66781,1120
66411,9,10,67521,0
66411,9,10,67151,560
66411,9,10,66781,1050
66039,9,10,66780,0
66039,9,10,66410,770
66039,9,10,66040,1260
69378,9,10,70119,0
69378,9,10,69749,770
69378,9,10,69379,1260
69006,9,10,70118,0
69006,9,10,69748,700
69006,9,10,69378,1190
70118,9,10,71231,0
70118,9,10,70861,630
70118,9,10,70491,1120
64555,9,10,65296,0
64555,9,10,64926,770
64555,9,10,64556,1260
68263,9,10,69376,0
68263,9,10,69006,630
68263,9,10,68636,1120
68266,9,10,69376,0
68266,9,10,69006,560
68266,9,10,68636,1050
67894,9,10,68635,0
67894,9,10,68265,770
67894,9,10,67895,1260
68637,9,10,69747,0
68637,9,10,69377,560
68637,9,10,69007,1050
69749,10,11,70490,0
69749,10,11,70120,770
69749,10,11,69750,1260
67153,10,11,68263,0
67153,10,11,67893,560
67153,10,11,67523,1050
65298,10,11,66408,0
65298,10,11,66038,560
65298,10,11,65668,1050
69377,10,11,70489,0
69377,10,11,70119,700
69377,10,11,69749,1190
67893,10,11,69005,0
67893,10,11,68635,700
67893,10,11,68265,1190
65666,10,11,66779,0
65666,10,11,66409,630
65666,10,11,66039,1120
67524,10,11,68634,0
67524,10,11,68264,560
67524,10,11,67894,1050
67895,10,11,69005,0
67895,10,11,68635,560
67895,10,11,68265,1050
68264,10,11,69376,0
68264,10,11,69006,700
68264,10,11,68636,1190
65668,10,11,66409,0
65668,10,11,66039,770
65668,10,11,65669,1260
71974,10,11,73086,0
71974,10,11,72716,700
71974,10,11,72346,1190
70490,10,11,71602,0
70490,10,11,71232,700
70490,10,11,70862,1190
66408,10,11,67521,0
66408,10,11,67151,630
66408,10,11,66781,1120
69006,10,11,70118,0
69006,10,11,69748,700
69006,10,11,69378,1190
70121,10,11,71231,0
70121,10,11,70861,560
70121,10,11,70491,1050
68266,10,11,69376,0
68266,10,11,69006,560
68266,10,11,68636,1050
67150,10,11,68263,0
67150,10,11,67893,630
67150,10,11,67523,1120
66782,10,11,67892,0
66782,10,11,67522,560
66782,10,11,67152,1050
70492,10,11,71602,0
70492,10,11,71232,560
70492,10,11,70862,1050
70861,10,11,71973,0
70861,10,11,71603,700
70861,10,11,71233,1190
66410,10,11,67151,0
66410,10,11,66781,770
66410,10,11,66411,1260
69008,10,11,70118,0
69008,10,11,69748,560
69008,10,11,69378,1050
64926,10,11,65667,0
64926,10,11,65297,770
64926,10,11,64927,1260
71232,10,11,72344,0
71232,10,11,71974,700
71232,10,11,71604,1190
71603,10,11,72715,0
71603,10,11,72345,700
71603,10,11,71975,1190
69748,10,11,70860,0
69748,10,11,70490,700
69748,10,11,70120,1190
67152,10,11,67893,0
67152,10,11,67523,770
67152,10,11,67153,1260
67521,10,11,68634,0
67521,10,11,68264,630
67521,10,11,67894,1120
70863,10,11,71973,0
70863,10,11,71603,560
70863,10,11,71233,1050
66037,10,11,67150,0
66037,10,11,66780,630
66037,10,11,66410,1120
69379,10,11,70489,0
69379,10,11,70119,560
69379,10,11,69749,1050
67892,10,11,69005,0
67892,10,11,68635,630
67892,10,11,68265,1120
69750,10,11,70860,0
69750,10,11,70490,560
69750,10,11,70120,1050
67523,10,11,68264,0
67523,10,11,67894,770
67523,10,11,67524,1260
66039,10,11,66780,0
66039,10,11,66410,770
66039,10,11,66040,1260
72345,10,11,73457,0
72345,10,11,73087,700
72345,10,11,72717,1190
70118,10,11,71231,0
70118,10,11,70861,630
70118,10,11,70491,1120
68263,10,11,69376,0
68263,10,11,69006,630
68263,10,11,68636,1120
68634,10,11,69747,0
68634,10,11,69377,630
68634,10,11,69007,1120
66779,10,11,67892,0
66779,10,11,67522,630
66779,10,11,67152,1120
70489,10,11,71602,0
70489,10,11,71232,630
70489,10,11,70862,1120
69005,10,11,70118,0
69005,10,11,69748,630
69005,10,11,69378,1120
70120,10,11,70861,0
70120,10,11,70491,770
70120,10,11,70121,1260
68265,10,11,69006,0
68265,10,11,68636,770
68265,10,11,68266,1260
68636,10,11,69377,0
68636,10,11,69007,770
68636,10,11,68637,1260
66781,10,11,67522,0
66781,10,11,67152,770
66781,10,11,66782,1260
70860,10,11,71973,0
70860,10,11,71603,630
70860,10,11,71233,1120
65297,10,11,66038,0
65297,10,11,65668,770
65297,10,11,65298,1260
69007,10,11,69748,0
69007,10,11,69378,770
69007,10,11,69008,1260
69376,10,11,70489,0
69376,10,11,70119,630
69376,10,11,69749,1120
71602,10,11,72715,0
71602,10,11,72345,630
71602,10,11,71975,1120
69747,10,11,70860,0
69747,10,11,70490,630
69747,10,11,70120,1120
70862,10,11,71603,0
70862,10,11,71233,770
70862,10,11,70863,1260
69378,10,11,70119,0
69378,10,11,69749,770
69378,10,11,69379,1260
67894,10,11,68635,0
67894,10,11,68265,770
67894,10,11,67895,1260
71604,10,11,72345,0
71604,10,11,71975,770
71604,10,11,71605,1260
65667,10,11,66779,0
65667,10,11,66409,700
65667,10,11,66039,1190
71973,10,11,73086,0
71973,10,11,72716,630
71973,10,11,72346,1120
67522,10,11,68634,0
67522,10,11,68264,700
67522,10,11,67894,1190
66038,10,11,67150,0
66038,10,11,66780,700
66038,10,11,66410,1190
72344,10,11,73457,0
72344,10,11,73087,630
72344,10,11,72717,1120
65669,10,11,66779,0
65669,10,11,66409,560
65669,10,11,66039,1050
71975,10,11,72716,0
71975,10,11,72346,770
71975,10,11,71976,1260
70491,10,11,71232,0
70491,10,11,70862,770
70491,10,11,70492,1260
66040,10,11,67150,0
66040,10,11,66780,560
66040,10,11,66410,1050
66409,10,11,67521,0
66409,10,11,67151,700
66409,10,11,66781,1190
72715,10,11,73828,0
72715,10,11,73458,630
72715,10,11,73088,1120
70119,10,11,71231,0
70119,10,11,70861,700
70119,10,11,70491,1190
64556,10,11,65666,0
64556,10,11,65296,560
64556,10,11,64926,1050
71231,10,11,72344,0
71231,10,11,71974,630
71231,10,11,71604,1120
68635,10,11,69747,0
68635,10,11,69377,700
68635,10,11,69007,1190
66780,10,11,67892,0
66780,10,11,67522,700
66780,10,11,67152,1190
67151,10,11,68263,0
67151,10,11,67893,700
67151,10,11,67523,1190
65296,10,11,66408,0
65296,10,11,66038,700
65296,10,11,65668,1190
66411,10,11,67521,0
66411,10,11,67151,560
66411,10,11,66781,1050
64927,10,11,66037,0
64927,10,11,65667,560
64927,10,11,65297,1050
71233,10,11,71974,0
71233,10,11,71604,770
71233,10,11,71234,1260
68637,10,11,69747,0
68637,10,11,69377,560
68637,10,11,69007,1050
69749,11,12,70490,0
69749,11,12,70120,770
69749,11,12,69750,1260
67153,11,12,68263,0
67153,11,12,67893,560
67153,11,12,67523,1050
73828,11,12,74941,0
73828,11,12,74571,630
73828,11,12,74201,1120
65298,11,12,66408,0
65298,11,12,66038,560
65298,11,12,65668,1050
69377,11,12,70489,0
69377,11,12,70119,700
69377,11,12,69749,1190
67893,11,12,69005,0
67893,11,12,68635,700
67893,11,12,68265,1190
65666,11,12,66779,0
65666,11,12,66409,630
65666,11,12,66039,1120
67524,11,12,68634,0
67524,11,12,68264,560
67524,11,12,67894,1050
67895,11,12,69005,0
67895,11,12,68635,560
67895,11,12,68265,1050
68264,11,12,69376,0
68264,11,12,69006,700
68264,11,12,68636,1190
65668,11,12,66409,0
65668,11,12,66039,770
65668,11,12,65669,1260
71974,11,12,73086,0
71974,11,12,72716,700
71974,11,12,72346,1190
70490,11,12,71602,0
70490,11,12,71232,700
70490,11,12,70862,1190
66408,11,12,67521,0
66408,11,12,67151,630
66408,11,12,66781,1120
69006,11,12,70118,0
69006,11,12,69748,700
69006,11,12,69378,1190
70121,11,12,71231,0
70121,11,12,70861,560
70121,11,12,70491,1050
68266,11,12,69376,0
68266,11,12,69006,560
68266,11,12,68636,1050
71976,11,12,73086,0
71976,11,12,72716,560
71976,11,12,72346,1050
67150,11,12,68263,0
67150,11,12,67893,630
67150,11,12,67523,1120
66782,11,12,67892,0
66782,11,12,67522,560
66782,11,12,67152,1050
70492,11,12,71602,0
70492,11,12,71232,560
70492,11,12,70862,1050
70861,11,12,71973,0
70861,11,12,71603,700
70861,11,12,71233,1190
66410,11,12,67151,0
66410,11,12,66781,770
66410,11,12,66411,1260
69008,11,12,70118,0
69008,11,12,69748,560
69008,11,12,69378,1050
73087,11,12,74199,0
73087,11,12,73829,700
73087,11,12,73459,1190
64926,11,12,65667,0
64926,11,12,65297,770
64926,11,12,64927,1260
71232,11,12,72344,0
71232,11,12,71974,700
71232,11,12,71604,1190
71603,11,12,72715,0
71603,11,12,72345,700
71603,11,12,71975,1190
69748,11,12,70860,0
69748,11,12,70490,700
69748,11,12,70120,1190
67152,11,12,67893,0
67152,11,12,67523,770
67152,11,12,67153,1260
67521,11,12,68634,0
67521,11,12,68264,630
67521,11,12,67894,1120
70863,11,12,71973,0
70863,11,12,71603,560
70863,11,12,71233,1050
66037,11,12,67150,0
66037,11,12,66780,630
66037,11,12,66410,1120
69379,11,12,70489,0
69379,11,12,70119,560
69379,11,12,69749,1050
67892,11,12,69005,0
67892,11,12,68635,630
67892,11,12,68265,1120
73458,11,12,74570,0
73458,11,12,74200,700
73458,11,12,73830,1190
71234,11,12,72344,0
71234,11,12,71974,560
71234,11,12,71604,1050
71605,11,12,72715,0
71605,11,12,72345,560
71605,11,12,71975,1050
69750,11,12,70860,0
69750,11,12,70490,560
69750,11,12,70120,1050
67523,11,12,68264,0
67523,11,12,67894,770
67523,11,12,67524,1260
66039,11,12,66780,0
66039,11,12,66410,770
66039,11,12,66040,1260
72345,11,12,73457,0
72345,11,12,73087,700
72345,11,12,72717,1190
70118,11,12,71231,0
70118,11,12,70861,630
70118,11,12,70491,1120
68263,11,12,69376,0
68263,11,12,69006,630
68263,11,12,68636,1120
68634,11,12,69747,0
68634,11,12,69377,630
68634,11,12,69007,1120
66779,11,12,67892,0
66779,11,12,67522,630
66779,11,12,67152,1120
70489,11,12,71602,0
70489,11,12,71232,630
70489,11,12,70862,1120
69005,11,12,70118,0
69005,11,12,69748,630
69005,11,12,69378,1120
72716,11,12,73828,0
72716,11,12,73458,700
72716,11,12,73088,1190
70120,11,12,70861,0
70120,11,12,70491,770
70120,11,12,70121,1260
68265,11,12,69006,0
68265,11,12,68636,770
68265,11,12,68266,1260
68636,11,12,69377,0
68636,11,12,69007,770
68636,11,12,68637,1260
66781,11,12,67522,0
66781,11,12,67152,770
66781,11,12,66782,1260
70860,11,12,71973,0
70860,11,12,71603,630
70860,11,12,71233,1120
65297,11,12,66038,0
65297,11,12,65668,770
65297,11,12,65298,1260
69007,11,12,69748,0
69007,11,12,69378,770
69007,11,12,69008,1260
69376,11,12,70489,0
69376,11,12,70119,630
69376,11,12,69749,1120
73086,11,12,74199,0
73086,11,12,73829,630
73086,11,12,73459,1120
71602,11,12,72715,0
71602,11,12,72345,630
71602,11,12,71975,1120
69747,11,12,70860,0
69747,11,12,70490,630
69747,11,12,70120,1120
70862,11,12,71603,0
70862,11,12,71233,770
70862,11,12,70863,1260
69378,11,12,70119,0
69378,11,12,69749,770
69378,11,12,69379,1260
73457,11,12,74570,0
73457,11,12,74200,630
73457,11,12,73830,1120
67894,11,12,68635,0
67894,11,12,68265,770
67894,11,12,67895,1260
71604,11,12,72345,0
71604,11,12,71975,770
71604,11,12,71605,1260
65667,11,12,66779,0
65667,11,12,66409,700
65667,11,12,66039,1190
71973,11,12,73086,0
71973,11,12,72716,630
71973,11,12,72346,1120
67522,11,12,68634,0
67522,11,12,68264,700
67522,11,12,67894,1190
66038,11,12,67150,0
66038,11,12,66780,700
66038,11,12,66410,1190
72344,11,12,73457,0
72344,11,12,73087,630
72344,11,12,72717,1120
65669,11,12,66779,0
65669,11,12,66409,560
65669,11,12,66039,1050
71975,11,12,72716,0
71975,11,12,72346,770
71975,11,12,71976,1260
70491,11,12,71232,0
70491,11,12,70862,770
70491,11,12,70492,1260
66040,11,12,67150,0
66040,11,12,66780,560
66040,11,12,66410,1050
72346,11,12,73087,0
72346,11,12,72717,770
72346,11,12,72347,1260
66409,11,12,67521,0
66409,11,12,67151,700
66409,11,12,66781,1190
72715,11,12,73828,0
72715,11,12,73458,630
72715,11,12,73088,1120
70119,11,12,71231,0
70119,11,12,70861,700
70119,11,12,70491,1190
71231,11,12,72344,0
71231,11,12,71974,630
71231,11,12,71604,1120
68635,11,12,69747,0
68635,11,12,69377,700
68635,11,12,69007,1190
66780,11,12,67892,0
66780,11,12,67522,700
66780,11,12,67152,1190
67151,11,12,68263,0
67151,11,12,67893,700
67151,11,12,67523,1190
65296,11,12,66408,0
65296,11,12,66038,700
65296,11,12,65668,1190
66411,11,12,67521,0
66411,11,12,67151,560
66411,11,12,66781,1050
72717,11,12,73458,0
72717,11,12,73088,770
72717,11,12,72718,1260
73088,11,12,73829,0
73088,11,12,73459,770
73088,11,12,73089,1260
64927,11,12,66037,0
64927,11,12,65667,560
64927,11,12,65297,1050
71233,11,12,71974,0
71233,11,12,71604,770
71233,11,12,71234,1260
68637,11,12,69747,0
68637,11,12,69377,560
68637,11,12,69007,1050
69749,12,13,70490,0
69749,12,13,70120,770
69749,12,13,69750,1260
67153,12,13,68263,0
67153,12,13,67893,560
67153,12,13,67523,1050
73828,12,13,74941,0
73828,12,13,74571,630
73828,12,13,74201,1120
65298,12,13,66408,0
65298,12,13,66038,560
65298,12,13,65668,1050
69377,12,13,70489,0
69377,12,13,70119,700
69377,12,13,69749,1190
67893,12,13,69005,0
67893,12,13,68635,700
67893,12,13,68265,1190
74199,12,13,75312,0
74199,12,13,74942,630
74199,12,13,74572,1120
67524,12,13,68634,0
67524,12,13,68264,560
67524,12,13,67894,1050
73830,12,13,74571,0
73830,12,13,74201,770
73830,12,13,73831,1260
67895,12,13,69005,0
67895,12,13,68635,560
67895,12,13,68265,1050
74201,12,13,74942,0
74201,12,13,74572,770
74201,12,13,74202,1260
68264,12,13,69376,0
68264,12,13,69006,700
68264,12,13,68636,1190
74570,12,13,75683,0
74570,12,13,75313,630
74570,12,13,74943,1120
65668,12,13,66409,0
65668,12,13,66039,770
65668,12,13,65669,1260
71974,12,13,73086,0
71974,12,13,72716,700
71974,12,13,72346,1190
70490,12,13,71602,0
70490,12,13,71232,700
70490,12,13,70862,1190
66408,12,13,67521,0
66408,12,13,67151,630
66408,12,13,66781,1120
69006,12,13,70118,0
69006,12,13,69748,700
69006,12,13,69378,1190
70121,12,13,71231,0
70121,12,13,70861,560
70121,12,13,70491,1050
68266,12,13,69376,0
68266,12,13,69006,560
68266,12,13,68636,1050
71976,12,13,73086,0
71976,12,13,72716,560
71976,12,13,72346,1050
67150,12,13,68263,0
67150,12,13,67893,630
67150,12,13,67523,1120
66782,12,13,67892,0
66782,12,13,67522,560
66782,12,13,67152,1050
70492,12,13,71602,0
70492,12,13,71232,560
70492,12,13,70862,1050
70861,12,13,71973,0
70861,12,13,71603,700
70861,12,13,71233,1190
66410,12,13,67151,0
66410,12,13,66781,770
66410,12,13,66411,1260
69008,12,13,70118,0
69008,12,13,69748,560
69008,12,13,69378,1050
73087,12,13,74199,0
73087,12,13,73829,700
73087,12,13,73459,1190
71232,12,13,72344,0
71232,12,13,71974,700
71232,12,13,71604,1190
71603,12,13,72715,0
71603,12,13,72345,700
71603,12,13,71975,1190
69748,12,13,70860,0
69748,12,13,70490,700
69748,12,13,70120,1190
67152,12,13,67893,0
67152,12,13,67523,770
67152,12,13,67153,1260
67521,12,13,68634,0
67521,12,13,68264,630
67521,12,13,67894,1120
70863,12,13,71973,0
70863,12,13,71603,560
70863,12,13,71233,1050
66037,12,13,67150,0
66037,12,13,66780,630
66037,12,13,66410,1120
69379,12,13,70489,0
69379,12,13,70119,560
69379,12,13,69749,1050
67892,12,13,69005,0
67892,12,13,68635,630
67892,12,13,68265,1120
73089,12,13,74199,0
73089,12,13,73829,560
73089,12,13,73459,1050
73458,12,13,74570,0
73458,12,13,74200,700
73458,12,13,73830,1190
71234,12,13,72344,0
71234,12,13,71974,560
71234,12,13,71604,1050
71605,12,13,72715,0
71605,12,13,72345,560
71605,12,13,71975,1050
69750,12,13,70860,0
69750,12,13,70490,560
69750,12,13,70120,1050
67523,12,13,68264,0
67523,12,13,67894,770
67523,12,13,67524,1260
73829,12,13,74941,0
73829,12,13,74571,700
73829,12,13,74201,1190
66039,12,13,66780,0
66039,12,13,66410,770
66039,12,13,66040,1260
72345,12,13,73457,0
72345,12,13,73087,700
72345,12,13,72717,1190
70118,12,13,71231,0
70118,12,13,70861,630
70118,12,13,70491,1120
68263,12,13,69376,0
68263,12,13,69006,630
68263,12,13,68636,1120
68634,12,13,69747,0
68634,12,13,69377,630
68634,12,13,69007,1120
66779,12,13,67892,0
66779,12,13,67522,630
66779,12,13,67152,1120
70489,12,13,71602,0
70489,12,13,71232,630
70489,12,13,70862,1120
69005,12,13,70118,0
69005,12,13,69748,630
69005,12,13,69378,1120
72347,12,13,73457,0
72347,12,13,73087,560
72347,12,13,72717,1050
72716,12,13,73828,0
72716,12,13,73458,700
72716,12,13,73088,1190
70120,12,13,70861,0
70120,12,13,70491,770
70120,12,13,70121,1260
68265,12,13,69006,0
68265,12,13,68636,770
68265,12,13,68266,1260
68636,12,13,69377,0
68636,12,13,69007,770
68636,12,13,68637,1260
66781,12,13,67522,0
66781,12,13,67152,770
66781,12,13,66782,1260
70860,12,13,71973,0
70860,12,13,71603,630
70860,12,13,71233,1120
65297,12,13,66038,0
65297,12,13,65668,770
65297,12,13,65298,1260
69007,12,13,69748,0
69007,12,13,69378,770
69007,12,13,69008,1260
69376,12,13,70489,0
69376,12,13,70119,630
69376,12,13,69749,1120
73086,12,13,74199,0
73086,12,13,73829,630
73086,12,13,73459,1120
72718,12,13,73828,0
72718,12,13,73458,560
72718,12,13,73088,1050
71602,12,13,72715,0
71602,12,13,72345,630
71602,12,13,71975,1120
69747,12,13,70860,0
69747,12,13,70490,630
69747,12,13,70120,1120
70862,12,13,71603,0
70862,12,13,71233,770
70862,12,13,70863,1260
69378,12,13,70119,0
69378,12,13,69749,770
69378,12,13,69379,1260
73457,12,13,74570,0
73457,12,13,74200,630
73457,12,13,73830,1120
67894,12,13,68635,0
67894,12,13,68265,770
67894,12,13,67895,1260
74200,12,13,75312,0
74200,12,13,74942,700
74200,12,13,74572,1190
71604,12,13,72345,0
71604,12,13,71975,770
71604,12,13,71605,1260
65667,12,13,66779,0
65667,12,13,66409,700
65667,12,13,66039,1190
71973,12,13,73086,0
71973,12,13,72716,630
71973,12,13,72346,1120
67522,12,13,68634,0
67522,12,13,68264,700
67522,12,13,67894,1190
66038,12,13,67150,0
66038,12,13,66780,700
66038,12,13,66410,1190
72344,12,13,73457,0
72344,12,13,73087,630
72344,12,13,72717,1120
73459,12,13,74200,0
73459,12,13,73830,770
73459,12,13,73460,1260
74571,12,13,75683,0
74571,12,13,75313,700
74571,12,13,74943,1190
65669,12,13,66779,0
65669,12,13,66409,560
65669,12,13,66039,1050
71975,12,13,72716,0
71975,12,13,72346,770
71975,12,13,71976,1260
70491,12,13,71232,0
70491,12,13,70862,770
70491,12,13,70492,1260
66040,12,13,67150,0
66040,12,13,66780,560
66040,12,13,66410,1050
72346,12,13,73087,0
72346,12,13,72717,770
72346,12,13,72347,1260
66409,12,13,67521,0
66409,12,13,67151,700
66409,12,13,66781,1190
72715,12,13,73828,0
72715,12,13,73458,630
72715,12,13,73088,1120
70119,12,13,71231,0
70119,12,13,70861,700
70119,12,13,70491,1190
71231,12,13,72344,0
71231,12,13,71974,630
71231,12,13,71604,1120
68635,12,13,69747,0
68635,12,13,69377,700
68635,12,13,69007,1190
74941,12,13,76054,0
74941,12,13,75684,630
74941,12,13,75314,1120
66780,12,13,67892,0
66780,12,13,67522,700
66780,12,13,67152,1190
67151,12,13,68263,0
67151,12,13,67893,700
67151,12,13,67523,1190
66411,12,13,67521,0
66411,12,13,67151,560
66411,12,13,66781,1050
72717,12,13,73458,0
72717,12,13,73088,770
72717,12,13,72718,1260
73088,12,13,73829,0
73088,12,13,73459,770
73088,12,13,73089,1260
64927,12,13,66037,0
64927,12,13,65667,560
64927,12,13,65297,1050
71233,12,13,71974,0
71233,12,13,71604,770
71233,12,13,71234,1260
68637,12,13,69747,0
68637,12,13,69377,560
68637,12,13,69007,1050
75312,13,14,76425,0
75312,13,14,76055,630
75312,13,14,75685,1120
69749,13,14,70490,0
69749,13,14,70120,770
69749,13,14,69750,1260
67153,13,14,68263,0
67153,13,14,67893,560
67153,13,14,67523,1050
73828,13,14,74941,0
73828,13,14,74571,630
73828,13,14,74201,1120
65298,13,14,66408,0
65298,13,14,66038,560
65298,13,14,65668,1050
69377,13,14,70489,0
69377,13,14,70119,700
69377,13,14,69749,1190
67893,13,14,69005,0
67893,13,14,68635,700
67893,13,14,68265,1190
74199,13,14,75312,0
74199,13,14,74942,630
74199,13,14,74572,1120
75314,13,14,76055,0
75314,13,14,75685,770
75314,13,14,75315,1260
67524,13,14,68634,0
67524,13,14,68264,560
67524,13,14,67894,1050
73830,13,14,74571,0
73830,13,14,74201,770
73830,13,14,73831,1260
76054,13,14,77167,0
76054,13,14,76797,630
76054,13,14,76427,1120
67895,13,14,69005,0
67895,13,14,68635,560
67895,13,14,68265,1050
74201,13,14,74942,0
74201,13,14,74572,770
74201,13,14,74202,1260
68264,13,14,69376,0
68264,13,14,69006,700
68264,13,14,68636,1190
74570,13,14,75683,0
74570,13,14,75313,630
74570,13,14,74943,1120
65668,13,14,66409,0
65668,13,14,66039,770
65668,13,14,65669,1260
71974,13,14,73086,0
71974,13,14,72716,700
71974,13,14,72346,1190
70490,13,14,71602,0
70490,13,14,71232,700
70490,13,14,70862,1190
66408,13,14,67521,0
66408,13,14,67151,630
66408,13,14,66781,1120
69006,13,14,70118,0
69006,13,14,69748,700
69006,13,14,69378,1190
70121,13,14,71231,0
70121,13,14,70861,560
70121,13,14,70491,1050
68266,13,14,69376,0
68266,13,14,69006,560
68266,13,14,68636,1050
74572,13,14,75313,0
74572,13,14,74943,770
74572,13,14,74573,1260
71976,13,14,73086,0
71976,13,14,72716,560
71976,13,14,72346,1050
67150,13,14,68263,0
67150,13,14,67893,630
67150,13,14,67523,1120
66782,13,14,67892,0
66782,13,14,67522,560
66782,13,14,67152,1050
70492,13,14,71602,0
70492,13,14,71232,560
70492,13,14,70862,1050
70861,13,14,71973,0
70861,13,14,71603,700
70861,13,14,71233,1190
66410,13,14,67151,0
66410,13,14,66781,770
66410,13,14,66411,1260
69008,13,14,70118,0
69008,13,14,69748,560
69008,13,14,69378,1050
75683,13,14,76796,0
75683,13,14,76426,630
75683,13,14,76056,1120
73087,13,14,74199,0
73087,13,14,73829,700
73087,13,14,73459,1190
71232,13,14,72344,0
71232,13,14,71974,700
71232,13,14,71604,1190
71603,13,14,72715,0
71603,13,14,72345,700
71603,13,14,71975,1190
69748,13,14,70860,0
69748,13,14,70490,700
69748,13,14,70120,1190
67152,13,14,67893,0
67152,13,14,67523,770
67152,13,14,67153,1260
67521,13,14,68634,0
67521,13,14,68264,630
67521,13,14,67894,1120
70863,13,14,71973,0
70863,13,14,71603,560
70863,13,14,71233,1050
66037,13,14,67150,0
66037,13,14,66780,630
66037,13,14,66410,1120
69379,13,14,70489,0
69379,13,14,70119,560
69379,13,14,69749,1050
67892,13,14,69005,0
67892,13,14,68635,630
67892,13,14,68265,1120
73089,13,14,74199,0
73089,13,14,73829,560
73089,13,14,73459,1050
73458,13,14,74570,0
73458,13,14,74200,700
73458,13,14,73830,1190
71234,13,14,72344,0
71234,13,14,71974,560
71234,13,14,71604,1050
71605,13,14,72715,0
71605,13,14,72345,560
71605,13,14,71975,1050
69750,13,14,70860,0
69750,13,14,70490,560
69750,13,14,70120,1050
67523,13,14,68264,0
67523,13,14,67894,770
67523,13,14,67524,1260
73829,13,14,74941,0
73829,13,14,74571,700
73829,13,14,74201,1190
66039,13,14,66780,0
66039,13,14,66410,770
66039,13,14,66040,1260
72345,13,14,73457,0
72345,13,14,73087,700
72345,13,14,72717,1190
70118,13,14,71231,0
70118,13,14,70861,630
70118,13,14,70491,1120
68263,13,14,69376,0
68263,13,14,69006,630
68263,13,14,68636,1120
73460,13,14,74570,0
73460,13,14,74200,560
73460,13,14,73830,1050
68634,13,14,69747,0
68634,13,14,69377,630
68634,13,14,69007,1120
66779,13,14,67892,0
66779,13,14,67522,630
66779,13,14,67152,1120
70489,13,14,71602,0
70489,13,14,71232,630
70489,13,14,70862,1120
73831,13,14,74941,0
73831,13,14,74571,560
73831,13,14,74201,1050
69005,13,14,70118,0
69005,13,14,69748,630
69005,13,14,69378,1120
72347,13,14,73457,0
72347,13,14,73087,560
72347,13,14,72717,1050
72716,13,14,73828,0
72716,13,14,73458,700
72716,13,14,73088,1190
70120,13,14,70861,0
70120,13,14,70491,770
70120,13,14,70121,1260
68265,13,14,69006,0
68265,13,14,68636,770
68265,13,14,68266,1260
68636,13,14,69377,0
68636,13,14,69007,770
68636,13,14,68637,1260
74942,13,14,76054,0
74942,13,14,75684,700
74942,13,14,75314,1190
66781,13,14,67522,0
66781,13,14,67152,770
66781,13,14,66782,1260
70860,13,14,71973,0
70860,13,14,71603,630
70860,13,14,71233,1120
65297,13,14,66038,0
65297,13,14,65668,770
65297,13,14,65298,1260
69007,13,14,69748,0
69007,13,14,69378,770
69007,13,14,69008,1260
69376,13,14,70489,0
69376,13,14,70119,630
69376,13,14,69749,1120
73086,13,14,74199,0
73086,13,14,73829,630
73086,13,14,73459,1120
72718,13,14,73828,0
72718,13,14,73458,560
72718,13,14,73088,1050
71602,13,14,72715,0
71602,13,14,72345,630
71602,13,14,71975,1120
69747,13,14,70860,0
69747,13,14,70490,630
69747,13,14,70120,1120
75313,13,14,76425,0
75313,13,14,76055,700
75313,13,14,75685,1190
70862,13,14,71603,0
70862,13,14,71233,770
70862,13,14,70863,1260
69378,13,14,70119,0
69378,13,14,69749,770
69378,13,14,69379,1260
75684,13,14,76796,0
75684,13,14,76426,700
75684,13,14,76056,1190
73457,13,14,74570,0
73457,13,14,74200,630
73457,13,14,73830,1120
67894,13,14,68635,0
67894,13,14,68265,770
67894,13,14,67895,1260
74200,13,14,75312,0
74200,13,14,74942,700
74200,13,14,74572,1190
71604,13,14,72345,0
71604,13,14,71975,770
71604,13,14,71605,1260
65667,13,14,66779,0
65667,13,14,66409,700
65667,13,14,66039,1190
71973,13,14,73086,0
71973,13,14,72716,630
71973,13,14,72346,1120
67522,13,14,68634,0
67522,13,14,68264,700
67522,13,14,67894,1190
66038,13,14,67150,0
66038,13,14,66780,700
66038,13,14,66410,1190
72344,13,14,73457,0
72344,13,14,73087,630
72344,13,14,72717,1120
73459,13,14,74200,0
73459,13,14,73830,770
73459,13,14,73460,1260
74202,13,14,75312,0
74202,13,14,74942,560
74202,13,14,74572,1050
74571,13,14,75683,0
74571,13,14,75313,700
74571,13,14,74943,1190
65669,13,14,66779,0
65669,13,14,66409,560
65669,13,14,66039,1050
71975,13,14,72716,0
71975,13,14,72346,770
71975,13,14,71976,1260
70491,13,14,71232,0
70491,13,14,70862,770
70491,13,14,70492,1260
66040,13,14,67150,0
66040,13,14,66780,560
66040,13,14,66410,1050
72346,13,14,73087,0
72346,13,14,72717,770
72346,13,14,72347,1260
66409,13,14,67521,0
66409,13,14,67151,700
66409,13,14,66781,1190
72715,13,14,73828,0
72715,13,14,73458,630
72715,13,14,73088,1120
70119,13,14,71231,0
70119,13,14,70861,700
70119,13,14,70491,1190
71231,13,14,72344,0
71231,13,14,71974,630
71231,13,14,71604,1120
68635,13,14,69747,0
68635,13,14,69377,700
68635,13,14,69007,1190
74941,13,14,76054,0
74941,13,14,75684,630
74941,13,14,75314,1120
66780,13,14,67892,0
66780,13,14,67522,700
66780,13,14,67152,1190
67151,13,14,68263,0
67151,13,14,67893,700
67151,13,14,67523,1190
66411,13,14,67521,0
66411,13,14,67151,560
66411,13,14,66781,1050
72717,13,14,73458,0
72717,13,14,73088,770
72717,13,14,72718,1260
73088,13,14,73829,0
73088,13,14,73459,770
73088,13,14,73089,1260
71233,13,14,71974,0
71233,13,14,71604,770
71233,13,14,71234,1260
68637,13,14,69747,0
68637,13,14,69377,560
68637,13,14,69007,1050
74943,13,14,75684,0
74943,13,14,75314,770
74943,13,14,74944,1260
75312,14,15,76425,0
75312,14,15,76055,630
75312,14,15,75685,1120
69749,14,15,70490,0
69749,14,15,70120,770
69749,14,15,69750,1260
67153,14,15,68263,0
67153,14,15,67893,560
67153,14,15,67523,1050
73828,14,15,74941,0
73828,14,15,74571,630
73828,14,15,74201,1120
65298,14,15,66408,0
65298,14,15,66038,560
65298,14,15,65668,1050
69377,14,15,70489,0
69377,14,15,70119,700
69377,14,15,69749,1190
67893,14,15,69005,0
67893,14,15,68635,700
67893,14,15,68265,1190
74199,14,15,75312,0
74199,14,15,74942,630
74199,14,15,74572,1120
75314,14,15,76055,0
75314,14,15,75685,770
75314,14,15,75315,1260
67524,14,15,68634,0
67524,14,15,68264,560
67524,14,15,67894,1050
73830,14,15,74571,0
73830,14,15,74201,770
73830,14,15,73831,1260
76054,14,15,77167,0
76054,14,15,76797,630
76054,14,15,76427,1120
76425,14,15,77538,0
76425,14,15,77168,630
76425,14,15,76798,1120
67895,14,15,69005,0
67895,14,15,68635,560
67895,14,15,68265,1050
74201,14,15,74942,0
74201,14,15,74572,770
74201,14,15,74202,1260
68264,14,15,69376,0
68264,14,15,69006,700
68264,14,15,68636,1190
74570,14,15,75683,0
74570,14,15,75313,630
74570,14,15,74943,1120
65668,14,15,66409,0
65668,14,15,66039,770
65668,14,15,65669,1260
71974,14,15,73086,0
71974,14,15,72716,700
71974,14,15,72346,1190
70490,14,15,71602,0
70490,14,15,71232,700
70490,14,15,70862,1190
76796,14,15,77909,0
76796,14,15,77539,630
76796,14,15,77169,1120
66408,14,15,67521,0
66408,14,15,67151,630
66408,14,15,66781,1120
76056,14,15,76797,0
76056,14,15,76427,770
76056,14,15,76057,1260
69006,14,15,70118,0
69006,14,15,69748,700
69006,14,15,69378,1190
70121,14,15,71231,0
70121,14,15,70861,560
70121,14,15,70491,1050
76427,14,15,77168,0
76427,14,15,76798,770
76427,14,15,76428,1260
68266,14,15,69376,0
68266,14,15,69006,560
68266,14,15,68636,1050
74572,14,15,75313,0
74572,14,15,74943,770
74572,14,15,74573,1260
71976,14,15,73086,0
71976,14,15,72716,560
71976,14,15,72346,1050
67150,14,15,68263,0
67150,14,15,67893,630
67150,14,15,67523,1120
66782,14,15,67892,0
66782,14,15,67522,560
66782,14,15,67152,1050
70492,14,15,71602,0
70492,14,15,71232,560
70492,14,15,70862,1050
70861,14,15,71973,0
70861,14,15,71603,700
70861,14,15,71233,1190
77167,14,15,78280,0
77167,14,15,77910,630
77167,14,15,77540,1120
66410,14,15,67151,0
66410,14,15,66781,770
66410,14,15,66411,1260
69008,14,15,70118,0
69008,14,15,69748,560
69008,14,15,69378,1050
75683,14,15,76796,0
75683,14,15,76426,630
75683,14,15,76056,1120
73087,14,15,74199,0
73087,14,15,73829,700
73087,14,15,73459,1190
71232,14,15,72344,0
71232,14,15,71974,700
71232,14,15,71604,1190
71603,14,15,72715,0
71603,14,15,72345,700
71603,14,15,71975,1190
69748,14,15,70860,0
69748,14,15,70490,700
69748,14,15,70120,1190
67152,14,15,67893,0
67152,14,15,67523,770
67152,14,15,67153,1260
67521,14,15,68634,0
67521,14,15,68264,630
67521,14,15,67894,1120
70863,14,15,71973,0
70863,14,15,71603,560
70863,14,15,71233,1050
69379,14,15,70489,0
69379,14,15,70119,560
69379,14,15,69749,1050
75685,14,15,76426,0
75685,14,15,76056,770
75685,14,15,75686,1260
67892,14,15,69005,0
67892,14,15,68635,630
67892,14,15,68265,1120
73089,14,15,74199,0
73089,14,15,73829,560
73089,14,15,73459,1050
73458,14,15,74570,0
73458,14,15,74200,700
73458,14,15,73830,1190
71234,14,15,72344,0
71234,14,15,71974,560
71234,14,15,71604,1050
71605,14,15,72715,0
71605,14,15,72345,560
71605,14,15,71975,1050
69750,14,15,70860,0
69750,14,15,70490,560
69750,14,15,70120,1050
67523,14,15,68264,0
67523,14,15,67894,770
67523,14,15,67524,1260
73829,14,15,74941,0
73829,14,15,74571,700
73829,14,15,74201,1190
66039,14,15,66780,0
66039,14,15,66410,770
66039,14,15,66040,1260
72345,14,15,73457,0
72345,14,15,73087,700
72345,14,15,72717,1190
70118,14,15,71231,0
70118,14,15,70861,630
70118,14,15,70491,1120
68263,14,15,69376,0
68263,14,15,69006,630
68263,14,15,68636,1120
73460,14,15,74570,0
73460,14,15,74200,560
73460,14,15,73830,1050
68634,14,15,69747,0
68634,14,15,69377,630
68634,14,15,69007,1120
66779,14,15,67892,0
66779,14,15,67522,630
66779,14,15,67152,1120
70489,14,15,71602,0
70489,14,15,71232,630
70489,14,15,70862,1120
73831,14,15,74941,0
73831,14,15,74571,560
73831,14,15,74201,1050
69005,14,15,70118,0
69005,14,15,69748,630
69005,14,15,69378,1120
72347,14,15,73457,0
72347,14,15,73087,560
72347,14,15,72717,1050
72716,14,15,73828,0
72716,14,15,73458,700
72716,14,15,73088,1190
70120,14,15,70861,0
70120,14,15,70491,770
70120,14,15,70121,1260
76426,14,15,77538,0
76426,14,15,77168,700
76426,14,15,76798,1190
68265,14,15,69006,0
68265,14,15,68636,770
68265,14,15,68266,1260
68636,14,15,69377,0
68636,14,15,69007,770
68636,14,15,68637,1260
74942,14,15,76054,0
74942,14,15,75684,700
74942,14,15,75314,1190
66781,14,15,67522,0
66781,14,15,67152,770
66781,14,15,66782,1260
70860,14,15,71973,0
70860,14,15,71603,630
70860,14,15,71233,1120
69007,14,15,69748,0
69007,14,15,69378,770
69007,14,15,69008,1260
69376,14,15,70489,0
69376,14,15,70119,630
69376,14,15,69749,1120
73086,14,15,74199,0
73086,14,15,73829,630
73086,14,15,73459,1120
72718,14,15,73828,0
72718,14,15,73458,560
72718,14,15,73088,1050
71602,14,15,72715,0
71602,14,15,72345,630
71602,14,15,71975,1120
69747,14,15,70860,0
69747,14,15,70490,630
69747,14,15,70120,1120
74944,14,15,76054,0
74944,14,15,75684,560
74944,14,15,75314,1050
75313,14,15,76425,0
75313,14,15,76055,700
75313,14,15,75685,1190
70862,14,15,71603,0
70862,14,15,71233,770
70862,14,15,70863,1260
69378,14,15,70119,0
69378,14,15,69749,770
69378,14,15,69379,1260
75684,14,15,76796,0
75684,14,15,76426,700
75684,14,15,76056,1190
73457,14,15,74570,0
73457,14,15,74200,630
73457,14,15,73830,1120
67894,14,15,68635,0
67894,14,15,68265,770
67894,14,15,67895,1260
74200,14,15,75312,0
74200,14,15,74942,700
74200,14,15,74572,1190
71604,14,15,72345,0
71604,14,15,71975,770
71604,14,15,71605,1260
71973,14,15,73086,0
71973,14,15,72716,630
71973,14,15,72346,1120
75315,14,15,76425,0
75315,14,15,76055,560
75315,14,15,75685,1050
67522,14,15,68634,0
67522,14,15,68264,700
67522,14,15,67894,1190
66038,14,15,67150,0
66038,14,15,66780,700
66038,14,15,66410,1190
72344,14,15,73457,0
72344,14,15,73087,630
72344,14,15,72717,1120
76055,14,15,77167,0
76055,14,15,76797,700
76055,14,15,76427,1190
73459,14,15,74200,0
73459,14,15,73830,770
73459,14,15,73460,1260
74202,14,15,75312,0
74202,14,15,74942,560
74202,14,15,74572,1050
74571,14,15,75683,0
74571,14,15,75313,700
74571,14,15,74943,1190
65669,14,15,66779,0
65669,14,15,66409,560
65669,14,15,66039,1050
71975,14,15,72716,0
71975,14,15,72346,770
71975,14,15,71976,1260
70491,14,15,71232,0
70491,14,15,70862,770
70491,14,15,70492,1260
76797,14,15,77909,0
76797,14,15,77539,700
76797,14,15,77169,1190
66040,14,15,67150,0
66040,14,15,66780,560
66040,14,15,66410,1050
72346,14,15,73087,0
72346,14,15,72717,770
72346,14,15,72347,1260
66409,14,15,67521,0
66409,14,15,67151,700
66409,14,15,66781,1190
72715,14,15,73828,0
72715,14,15,73458,630
72715,14,15,73088,1120
70119,14,15,71231,0
70119,14,15,70861,700
70119,14,15,70491,1190
71231,14,15,72344,0
71231,14,15,71974,630
71231,14,15,71604,1120
68635,14,15,69747,0
68635,14,15,69377,700
68635,14,15,69007,1190
74941,14,15,76054,0
74941,14,15,75684,630
74941,14,15,75314,1120
74573,14,15,75683,0
74573,14,15,75313,560
74573,14,15,74943,1050
66780,14,15,67892,0
66780,14,15,67522,700
66780,14,15,67152,1190
67151,14,15,68263,0
67151,14,15,67893,700
67151,14,15,67523,1190
66411,14,15,67521,0
66411,14,15,67151,560
66411,14,15,66781,1050
72717,14,15,73458,0
72717,14,15,73088,770
72717,14,15,72718,1260
73088,14,15,73829,0
73088,14,15,73459,770
73088,14,15,73089,1260
71233,14,15,71974,0
71233,14,15,71604,770
71233,14,15,71234,1260
68637,14,15,69747,0
68637,14,15,69377,560
68637,14,15,69007,1050
74943,14,15,75684,0
74943,14,15,75314,770
74943,14,15,74944,1260
